country,sex,year,ASIRsmooth
Argentina,1,2003,2.360377105
Argentina,1,2004,1.9871672
Argentina,1,2005,1.650645233
Argentina,1,2006,1.305111649
Argentina,1,2007,1.095992099
Argentina,1,2008,1.592568086
Argentina,1,2009,1.789775837
Argentina,1,2010,1.368989957
Argentina,1,2011,1.110287843
Argentina,1,2012,1.153126692
Argentina,1,2013,0.999231343
Argentina,1,2014,1.09613457
Argentina,1,2015,1.414340768
Argentina,1,2016,1.721367876
Argentina,1,2017,2.144077401
Australia,1,1993,1.470200934
Australia,1,1994,1.713097498
Australia,1,1995,1.903840412
Australia,1,1996,2.050633677
Australia,1,1997,2.139315429
Australia,1,1998,2.199405797
Australia,1,1999,2.246248265
Australia,1,2000,2.31164293
Australia,1,2001,2.402411004
Australia,1,2002,2.558340675
Australia,1,2003,2.701630093
Australia,1,2004,2.84793023
Australia,1,2005,2.981358825
Australia,1,2006,3.147211429
Australia,1,2007,3.323241441
Australia,1,2008,3.529923047
Australia,1,2009,3.756142545
Australia,1,2010,3.984365807
Australia,1,2011,4.178363214
Australia,1,2012,4.447478413
Australia,1,2013,4.702569769
Australia,1,2014,4.85895883
Australia,1,2015,4.99945026
Australia,1,2016,5.109908364
Australia,1,2017,5.191913604
Austria,1,1998,2.430954722
Austria,1,1999,2.682960935
Austria,1,2000,2.910602699
Austria,1,2001,3.128976449
Austria,1,2002,3.214875593
Austria,1,2003,3.304678349
Austria,1,2004,3.612405177
Austria,1,2005,3.967698593
Austria,1,2006,4.373600748
Austria,1,2007,4.645469226
Austria,1,2008,4.64109243
Austria,1,2009,4.594634887
Austria,1,2010,4.519172194
Austria,1,2011,4.420522398
Austria,1,2012,4.442310087
Austria,1,2013,4.348458979
Austria,1,2014,4.17322589
Austria,1,2015,4.008428903
Austria,1,2016,3.829202028
Austria,1,2017,3.636215703
Bahrain,1,1998,1.374440451
Bahrain,1,1999,1.32395785
Bahrain,1,2000,1.25464887
Bahrain,1,2001,1.223112824
Bahrain,1,2002,1.3725225
Bahrain,1,2003,2.35820176
Bahrain,1,2004,3.380191326
Bahrain,1,2005,3.101723719
Bahrain,1,2006,2.03747232
Bahrain,1,2007,1.208237269
Bahrain,1,2008,1.320651752
Bahrain,1,2009,1.838231184
Bahrain,1,2010,1.719968507
Bahrain,1,2011,2.115707029
Bahrain,1,2012,2.694423815
Bahrain,1,2013,2.768730345
Bahrain,1,2014,2.535061289
Bahrain,1,2015,2.296141507
Bahrain,1,2016,2.378449651
Bahrain,1,2017,2.842690079
Belarus,1,1983,0.523920564
Belarus,1,1984,0.562082529
Belarus,1,1985,0.631875778
Belarus,1,1986,0.733518271
Belarus,1,1987,0.862818805
Belarus,1,1988,1.023277292
Belarus,1,1989,1.209094714
Belarus,1,1990,1.452116673
Belarus,1,1991,1.696927408
Belarus,1,1992,1.880950886
Belarus,1,1993,2.050379087
Belarus,1,1994,2.154873732
Belarus,1,1995,2.308991088
Belarus,1,1996,2.473145517
Belarus,1,1997,2.707917554
Belarus,1,1998,2.940275529
Belarus,1,1999,3.142736219
Belarus,1,2000,3.322983184
Belarus,1,2001,3.426497297
Belarus,1,2002,3.493973902
Belarus,1,2003,3.518049451
Belarus,1,2004,3.537619143
Belarus,1,2005,3.539403789
Belarus,1,2006,3.515379491
Belarus,1,2007,3.480410966
Belarus,1,2008,3.39652539
Belarus,1,2009,3.323095282
Belarus,1,2010,3.300917133
Belarus,1,2011,3.331426456
Belarus,1,2012,3.46769594
Belarus,1,2013,3.665688945
Belarus,1,2014,3.919111441
Belarus,1,2015,4.234068449
Belarus,1,2016,4.611883663
Belarus,1,2017,5.051485155
Canada,1,1980,1.535256873
Canada,1,1981,1.553178021
Canada,1,1982,1.57624939
Canada,1,1983,1.605356132
Canada,1,1984,1.638803517
Canada,1,1985,1.679142795
Canada,1,1986,1.725866338
Canada,1,1987,1.771443594
Canada,1,1988,1.807747299
Canada,1,1989,1.84605382
Canada,1,1990,1.893922651
Canada,1,1991,1.945949836
Canada,1,1992,2.004265106
Canada,1,1993,2.068826962
Canada,1,1994,2.137760523
Canada,1,1995,2.191392278
Canada,1,1996,2.261481331
Canada,1,1997,2.374695914
Canada,1,1998,2.506915271
Canada,1,1999,2.666122621
Canada,1,2000,2.848309849
Canada,1,2001,3.035835059
Canada,1,2002,3.211551333
Canada,1,2003,3.402932083
Canada,1,2004,3.629194641
Canada,1,2005,3.871364591
Canada,1,2006,4.121442899
Canada,1,2007,4.378135159
Canada,1,2008,4.656749195
Canada,1,2009,4.996664538
Canada,1,2010,5.36889707
Canada,1,2011,5.687805623
Canada,1,2012,5.96163611
Canada,1,2013,6.178797122
Canada,1,2014,6.308663204
Canada,1,2015,6.372902476
Canada,1,2016,6.349678488
Canada,1,2017,6.249369452
Chile,1,1998,1.012192397
Chile,1,1999,1.781416629
Chile,1,2000,2.08776864
Chile,1,2001,1.927001613
Chile,1,2002,1.311393317
Chile,1,2003,1.26900902
Chile,1,2004,1.612973873
Chile,1,2005,1.702657474
Chile,1,2006,1.559012549
Chile,1,2007,1.164830033
Chile,1,2008,0.905585886
Chile,1,2009,1.036707957
Chile,1,2010,1.568518587
Chile,1,2011,2.010961983
Chile,1,2012,2.282450271
Chile,1,2013,2.424843132
Chile,1,2014,2.692735314
Chile,1,2015,3.251816596
Chile,1,2016,3.691807903
Chile,1,2017,4.030962392
China,1,2003,1.216525031
China,1,2004,1.555696555
China,1,2005,1.806473795
China,1,2006,1.931546679
China,1,2007,2.005106803
China,1,2008,2.433510615
China,1,2009,3.009050964
China,1,2010,3.907540291
China,1,2011,5.045936781
China,1,2012,6.730147801
China,1,2013,9.21643855
China,1,2014,11.7802943
China,1,2015,13.31644309
China,1,2016,14.30149097
China,1,2017,14.91297948
Colombia,1,2003,2.010057103
Colombia,1,2004,2.506630381
Colombia,1,2005,2.898264703
Colombia,1,2006,2.826591277
Colombia,1,2007,2.862141912
Colombia,1,2008,3.019221706
Colombia,1,2009,2.949600417
Colombia,1,2010,2.506347016
Colombia,1,2011,2.952353471
Colombia,1,2012,3.543209633
Colombia,1,2013,4.419645849
Colombia,1,2014,4.345055056
Colombia,1,2015,4.597679962
Colombia,1,2016,4.938570712
Colombia,1,2017,5.223371157
Costa Rica,1,1982,1.612552232
Costa Rica,1,1983,1.397134739
Costa Rica,1,1984,1.244188514
Costa Rica,1,1985,1.145807467
Costa Rica,1,1986,1.087524371
Costa Rica,1,1987,1.110762176
Costa Rica,1,1988,1.163680007
Costa Rica,1,1989,1.172217013
Costa Rica,1,1990,1.169273512
Costa Rica,1,1991,1.09685727
Costa Rica,1,1992,1.022209994
Costa Rica,1,1993,0.971335731
Costa Rica,1,1994,1.030718302
Costa Rica,1,1995,1.121722801
Costa Rica,1,1996,1.227083058
Costa Rica,1,1997,1.337140858
Costa Rica,1,1998,1.418075872
Costa Rica,1,1999,1.502065024
Costa Rica,1,2000,1.588846742
Costa Rica,1,2001,1.671963038
Costa Rica,1,2002,1.72713192
Costa Rica,1,2003,1.795593501
Costa Rica,1,2004,1.892351638
Costa Rica,1,2005,2.055545378
Costa Rica,1,2006,2.239932878
Costa Rica,1,2007,2.451191891
Costa Rica,1,2008,2.67435742
Costa Rica,1,2009,2.90727705
Costa Rica,1,2010,3.145992009
Costa Rica,1,2011,3.367278652
Costa Rica,1,2012,3.56927133
Costa Rica,1,2013,3.737104342
Costa Rica,1,2014,3.885893919
Costa Rica,1,2015,4.017981191
Costa Rica,1,2016,4.131346043
Croatia,1,1988,1.208282786
Croatia,1,1989,1.135427397
Croatia,1,1990,1.112569656
Croatia,1,1991,1.129854576
Croatia,1,1992,1.201811077
Croatia,1,1993,1.30632039
Croatia,1,1994,1.395965166
Croatia,1,1995,1.503789309
Croatia,1,1996,1.670451161
Croatia,1,1997,1.85183147
Croatia,1,1998,2.049539024
Croatia,1,1999,2.224879326
Croatia,1,2000,2.30329954
Croatia,1,2001,2.374173277
Croatia,1,2002,2.427249485
Croatia,1,2003,2.530004257
Croatia,1,2004,2.651272782
Croatia,1,2005,2.834562075
Croatia,1,2006,3.035838375
Croatia,1,2007,3.177875412
Croatia,1,2008,3.317588556
Croatia,1,2009,3.506550521
Croatia,1,2010,3.729583483
Croatia,1,2011,3.964943018
Croatia,1,2012,4.221946144
Croatia,1,2013,4.538603838
Croatia,1,2014,4.861699423
Croatia,1,2015,5.159230224
Croatia,1,2016,5.452975921
Croatia,1,2017,5.729168895
Cyprus,1,1998,2.80944978
Cyprus,1,1999,2.621840337
Cyprus,1,2000,2.690455319
Cyprus,1,2001,3.069295095
Cyprus,1,2002,3.654002358
Cyprus,1,2003,3.930525656
Cyprus,1,2004,4.082912997
Cyprus,1,2005,4.096438139
Cyprus,1,2006,3.898186842
Cyprus,1,2007,4.539704204
Cyprus,1,2008,5.900590617
Cyprus,1,2009,7.541000989
Cyprus,1,2010,8.578833417
Cyprus,1,2011,8.64477828
Cyprus,1,2012,8.387272076
Cyprus,1,2013,8.642189638
Cyprus,1,2014,10.47035996
Cyprus,1,2015,12.05010391
Cyprus,1,2016,12.74342325
Cyprus,1,2017,12.61832676
Czech Republic,1,1983,0.938447716
Czech Republic,1,1984,1.015990071
Czech Republic,1,1985,1.082681127
Czech Republic,1,1986,1.138986719
Czech Republic,1,1987,1.184918479
Czech Republic,1,1988,1.212834509
Czech Republic,1,1989,1.231526619
Czech Republic,1,1990,1.243052936
Czech Republic,1,1991,1.259514154
Czech Republic,1,1992,1.296357545
Czech Republic,1,1993,1.33409188
Czech Republic,1,1994,1.357148562
Czech Republic,1,1995,1.406531657
Czech Republic,1,1996,1.464103744
Czech Republic,1,1997,1.532598218
Czech Republic,1,1998,1.595972635
Czech Republic,1,1999,1.611654384
Czech Republic,1,2000,1.632623282
Czech Republic,1,2001,1.681885348
Czech Republic,1,2002,1.751976416
Czech Republic,1,2003,1.84983604
Czech Republic,1,2004,1.996714369
Czech Republic,1,2005,2.165142358
Czech Republic,1,2006,2.363267528
Czech Republic,1,2007,2.561786166
Czech Republic,1,2008,2.71711875
Czech Republic,1,2009,2.858341959
Czech Republic,1,2010,2.988481539
Czech Republic,1,2011,3.100069916
Czech Republic,1,2012,3.186351147
Czech Republic,1,2013,3.249892673
Czech Republic,1,2014,3.288119066
Czech Republic,1,2015,3.302362152
Czech Republic,1,2016,3.290551673
Czech Republic,1,2017,3.253919348
Denmark,1,1980,0.921764229
Denmark,1,1981,0.950952807
Denmark,1,1982,0.972420655
Denmark,1,1983,0.985512876
Denmark,1,1984,0.99089402
Denmark,1,1985,0.99092532
Denmark,1,1986,0.983748372
Denmark,1,1987,0.964814001
Denmark,1,1988,0.913755398
Denmark,1,1989,0.858887368
Denmark,1,1990,0.820899458
Denmark,1,1991,0.790908579
Denmark,1,1992,0.793029021
Denmark,1,1993,0.843928709
Denmark,1,1994,0.908117083
Denmark,1,1995,0.991010814
Denmark,1,1996,1.078269742
Denmark,1,1997,1.153562501
Denmark,1,1998,1.2131543
Denmark,1,1999,1.216043332
Denmark,1,2000,1.19022535
Denmark,1,2001,1.174332877
Denmark,1,2002,1.152911939
Denmark,1,2003,1.144059749
Denmark,1,2004,1.193911855
Denmark,1,2005,1.271105946
Denmark,1,2006,1.34835454
Denmark,1,2007,1.408460246
Denmark,1,2008,1.479947441
Denmark,1,2009,1.577025099
Denmark,1,2010,1.688020988
Denmark,1,2011,1.815408478
Denmark,1,2012,1.960720002
Denmark,1,2013,2.120508669
Denmark,1,2014,2.294226565
Denmark,1,2015,2.482020312
Denmark,1,2016,2.681253129
Denmark,1,2017,2.892728308
Ecuador,1,1985,3.679230016
Ecuador,1,1986,3.246241447
Ecuador,1,1987,2.874903973
Ecuador,1,1988,2.57912789
Ecuador,1,1989,2.364032152
Ecuador,1,1990,2.194312356
Ecuador,1,1991,2.095131739
Ecuador,1,1992,2.247738355
Ecuador,1,1993,2.43695567
Ecuador,1,1994,2.505555866
Ecuador,1,1995,2.507560407
Ecuador,1,1996,2.271036881
Ecuador,1,1997,2.01309893
Ecuador,1,1998,1.788085315
Ecuador,1,1999,1.661909668
Ecuador,1,2000,1.866947912
Ecuador,1,2001,2.19376947
Ecuador,1,2002,2.654123795
Ecuador,1,2003,3.144500813
Ecuador,1,2004,3.550548447
Ecuador,1,2005,3.897412521
Ecuador,1,2006,3.994403943
Ecuador,1,2007,4.075764544
Ecuador,1,2008,4.113974218
Ecuador,1,2009,4.316322337
Ecuador,1,2010,5.165701195
Ecuador,1,2011,6.192408303
Ecuador,1,2012,7.18487536
Ecuador,1,2013,8.153610731
Ecuador,1,2014,9.028969669
Ecuador,1,2015,9.87568428
Ecuador,1,2016,10.64230287
Ecuador,1,2017,11.35390541
Estonia,1,1983,0.466492916
Estonia,1,1984,0.529587575
Estonia,1,1985,0.583100284
Estonia,1,1986,0.629327529
Estonia,1,1987,0.672250634
Estonia,1,1988,0.71469728
Estonia,1,1989,0.754369729
Estonia,1,1990,0.771720945
Estonia,1,1991,0.790980075
Estonia,1,1992,0.855943694
Estonia,1,1993,0.938029238
Estonia,1,1994,1.041247774
Estonia,1,1995,1.130772628
Estonia,1,1996,1.203220793
Estonia,1,1997,1.261234166
Estonia,1,1998,1.299305939
Estonia,1,1999,1.233563118
Estonia,1,2000,1.159749941
Estonia,1,2001,1.094959706
Estonia,1,2002,1.069223991
Estonia,1,2003,1.165943785
Estonia,1,2004,1.397397466
Estonia,1,2005,1.664752308
Estonia,1,2006,1.973451303
Estonia,1,2007,2.232736773
Estonia,1,2008,2.250396405
Estonia,1,2009,2.198241543
Estonia,1,2010,2.02712348
Estonia,1,2011,1.835985274
Estonia,1,2012,1.773385355
Estonia,1,2013,1.718686899
Estonia,1,2014,1.651705354
Estonia,1,2015,1.592679915
Estonia,1,2016,1.54442721
Estonia,1,2017,1.503054978
France,1,1998,2.728082782
France,1,1999,2.887480024
France,1,2000,3.069766493
France,1,2001,3.266309707
France,1,2002,3.463297788
France,1,2003,3.521694164
France,1,2004,3.618446723
France,1,2005,3.849176363
France,1,2006,4.060026463
France,1,2007,4.239327574
France,1,2008,4.291437125
France,1,2009,4.313248918
France,1,2010,4.31565722
France,1,2011,4.333087705
France,1,2012,4.389598021
France,1,2013,4.517271386
France,1,2014,4.71760271
France,1,2015,4.755167178
France,1,2016,4.648478902
France,1,2017,4.384385876
Germany,1,2003,1.414681222
Germany,1,2004,1.507565698
Germany,1,2005,1.600328013
Germany,1,2006,1.651283975
Germany,1,2007,1.753568109
Germany,1,2008,2.013686683
Germany,1,2009,2.22183129
Germany,1,2010,2.28110861
Germany,1,2011,2.057820082
Germany,1,2012,2.003536674
Germany,1,2013,2.308454744
Germany,1,2014,2.520851372
Germany,1,2015,2.507304123
Germany,1,2016,2.712566817
Germany,1,2017,3.075717166
Iceland,1,1980,4.789634925
Iceland,1,1981,5.303957763
Iceland,1,1982,5.695419281
Iceland,1,1983,5.95174335
Iceland,1,1984,6.113104439
Iceland,1,1985,6.09543598
Iceland,1,1986,5.906601613
Iceland,1,1987,5.743560708
Iceland,1,1988,5.880679398
Iceland,1,1989,5.973908829
Iceland,1,1990,5.676971955
Iceland,1,1991,5.248740266
Iceland,1,1992,4.866273471
Iceland,1,1993,4.376647027
Iceland,1,1994,3.934896196
Iceland,1,1995,3.977536414
Iceland,1,1996,4.124463404
Iceland,1,1997,4.188127011
Iceland,1,1998,4.293043011
Iceland,1,1999,4.435329243
Iceland,1,2000,4.613599248
Iceland,1,2001,4.713765313
Iceland,1,2002,4.814395465
Iceland,1,2003,4.812109873
Iceland,1,2004,4.365397876
Iceland,1,2005,3.671770776
Iceland,1,2006,3.152752019
Iceland,1,2007,2.824681632
Iceland,1,2008,2.66547129
Iceland,1,2009,2.962555305
Iceland,1,2010,3.491388264
Iceland,1,2011,3.847881489
Iceland,1,2012,3.968502983
Iceland,1,2013,4.02659674
Iceland,1,2014,4.014157865
Iceland,1,2015,3.927275337
Iceland,1,2016,3.745587183
Iceland,1,2017,3.48446285
India,1,2003,0.931728596
India,1,2004,0.83126667
India,1,2005,0.782271502
India,1,2006,0.776071183
India,1,2007,0.727189156
India,1,2008,0.776242867
India,1,2009,0.876733201
India,1,2010,0.975152091
India,1,2011,0.981921897
India,1,2012,0.920198924
India,1,2013,0.831238333
India,1,2014,0.874481654
India,1,2015,0.940501127
India,1,2016,1.032501687
India,1,2017,1.17567251
Ireland,1,1994,0.97370487
Ireland,1,1995,0.919789808
Ireland,1,1996,0.877820938
Ireland,1,1997,0.854489892
Ireland,1,1998,0.854397796
Ireland,1,1999,0.828126798
Ireland,1,2000,0.832069623
Ireland,1,2001,0.94167229
Ireland,1,2002,1.032376224
Ireland,1,2003,1.08241107
Ireland,1,2004,1.159606217
Ireland,1,2005,1.278784966
Ireland,1,2006,1.374184994
Ireland,1,2007,1.420394115
Ireland,1,2008,1.49139357
Ireland,1,2009,1.651512756
Ireland,1,2010,1.85681556
Ireland,1,2011,2.084972338
Ireland,1,2012,2.406559146
Ireland,1,2013,2.605189611
Ireland,1,2014,2.465966255
Ireland,1,2015,2.386635683
Ireland,1,2016,2.286480224
Ireland,1,2017,2.191203313
Israel,1,1980,2.176682849
Israel,1,1981,2.139082843
Israel,1,1982,2.112371412
Israel,1,1983,2.091266366
Israel,1,1984,2.088748234
Israel,1,1985,2.084470815
Israel,1,1986,2.081525142
Israel,1,1987,2.135584457
Israel,1,1988,2.320366198
Israel,1,1989,2.534696297
Israel,1,1990,2.736246343
Israel,1,1991,2.969519071
Israel,1,1992,3.158097191
Israel,1,1993,3.244982947
Israel,1,1994,3.291446503
Israel,1,1995,3.341873167
Israel,1,1996,3.385865972
Israel,1,1997,3.361640088
Israel,1,1998,3.350488488
Israel,1,1999,3.457918682
Israel,1,2000,3.62052612
Israel,1,2001,3.818370586
Israel,1,2002,4.124326567
Israel,1,2003,4.426453573
Israel,1,2004,4.580248102
Israel,1,2005,4.687267929
Israel,1,2006,4.819442301
Israel,1,2007,4.960843482
Israel,1,2008,5.116486575
Israel,1,2009,5.391451054
Israel,1,2010,5.717514579
Israel,1,2011,5.938067934
Israel,1,2012,6.021498391
Israel,1,2013,6.040310826
Israel,1,2014,5.996924601
Israel,1,2015,5.886692964
Israel,1,2016,5.704454855
Israel,1,2017,5.454193533
Italy,1,2003,3.59970345
Italy,1,2004,3.614337092
Italy,1,2005,3.852186052
Italy,1,2006,4.439882294
Italy,1,2007,4.892483312
Italy,1,2008,4.52940996
Italy,1,2009,4.623878504
Italy,1,2010,5.621424468
Italy,1,2011,6.177928114
Italy,1,2012,6.627775368
Italy,1,2013,6.956897359
Italy,1,2014,6.642906856
Italy,1,2015,5.876420869
Italy,1,2016,5.816852226
Italy,1,2017,6.153315834
Japan,1,1980,0.967717639
Japan,1,1981,1.075866595
Japan,1,1982,1.160797583
Japan,1,1983,1.223442755
Japan,1,1984,1.267156709
Japan,1,1985,1.285032476
Japan,1,1986,1.28621439
Japan,1,1987,1.275161477
Japan,1,1988,1.25943711
Japan,1,1989,1.24260115
Japan,1,1990,1.229959149
Japan,1,1991,1.231386669
Japan,1,1992,1.253510918
Japan,1,1993,1.283674162
Japan,1,1994,1.32273004
Japan,1,1995,1.369379843
Japan,1,1996,1.440004654
Japan,1,1997,1.508520355
Japan,1,1998,1.538147281
Japan,1,1999,1.557431963
Japan,1,2000,1.547141943
Japan,1,2001,1.546117463
Japan,1,2002,1.562655451
Japan,1,2003,1.62152402
Japan,1,2004,1.710175967
Japan,1,2005,1.886044917
Japan,1,2006,2.081725092
Japan,1,2007,2.249280924
Japan,1,2008,2.418902926
Japan,1,2009,2.559554391
Japan,1,2010,2.726581604
Japan,1,2011,2.900911127
Japan,1,2012,3.081186001
Japan,1,2013,3.269645907
Japan,1,2014,3.470966452
Japan,1,2015,3.682715059
Kuwait,1,1998,3.557128242
Kuwait,1,1999,3.640251183
Kuwait,1,2000,3.711617258
Kuwait,1,2001,3.72392319
Kuwait,1,2002,3.432890718
Kuwait,1,2003,2.770233399
Kuwait,1,2004,2.796337643
Kuwait,1,2005,3.457876653
Kuwait,1,2006,3.291104968
Kuwait,1,2007,2.784746724
Kuwait,1,2008,2.438348338
Kuwait,1,2009,2.73197269
Kuwait,1,2010,3.01424306
Kuwait,1,2011,2.726840988
Kuwait,1,2012,3.085386241
Kuwait,1,2013,3.799040925
Kuwait,1,2014,4.357597299
Kuwait,1,2015,4.739850775
Kuwait,1,2016,5.133074911
Kuwait,1,2017,5.532686212
Latvia,1,1983,1.052220923
Latvia,1,1984,0.891711564
Latvia,1,1985,0.788207101
Latvia,1,1986,0.73601557
Latvia,1,1987,0.722963468
Latvia,1,1988,0.788188872
Latvia,1,1989,0.883374754
Latvia,1,1990,0.957117172
Latvia,1,1991,1.010721358
Latvia,1,1992,0.984816439
Latvia,1,1993,0.945959401
Latvia,1,1994,0.91143129
Latvia,1,1995,0.882790279
Latvia,1,1996,0.861050213
Latvia,1,1997,0.871826208
Latvia,1,1998,0.902129082
Latvia,1,1999,0.937479346
Latvia,1,2000,0.99177137
Latvia,1,2001,1.09251961
Latvia,1,2002,1.213482892
Latvia,1,2003,1.381170247
Latvia,1,2004,1.513444813
Latvia,1,2005,1.646321057
Latvia,1,2006,1.768935215
Latvia,1,2007,1.887731745
Latvia,1,2008,1.994737926
Latvia,1,2009,2.101416519
Latvia,1,2010,2.207735836
Latvia,1,2011,2.326163677
Latvia,1,2012,2.455926168
Latvia,1,2013,2.626662655
Latvia,1,2014,2.867226049
Latvia,1,2015,3.154219429
Latvia,1,2016,3.499088784
Latvia,1,2017,3.896888717
Lithuania,1,1988,0.605866827
Lithuania,1,1989,0.710764962
Lithuania,1,1990,0.819034482
Lithuania,1,1991,0.91922432
Lithuania,1,1992,1.030259875
Lithuania,1,1993,1.125972506
Lithuania,1,1994,1.135801432
Lithuania,1,1995,1.12712134
Lithuania,1,1996,1.09330096
Lithuania,1,1997,1.084297207
Lithuania,1,1998,1.205117944
Lithuania,1,1999,1.379551973
Lithuania,1,2000,1.640703735
Lithuania,1,2001,1.901652781
Lithuania,1,2002,2.100716212
Lithuania,1,2003,2.203936194
Lithuania,1,2004,2.272391503
Lithuania,1,2005,2.282422487
Lithuania,1,2006,2.296894581
Lithuania,1,2007,2.431227762
Lithuania,1,2008,2.5833972
Lithuania,1,2009,2.729538035
Lithuania,1,2010,2.864920508
Lithuania,1,2011,2.951966815
Lithuania,1,2012,3.018235405
Lithuania,1,2013,3.073806873
Lithuania,1,2014,3.096870657
Lithuania,1,2015,3.074998422
Lithuania,1,2016,3.018980537
Lithuania,1,2017,2.925092738
Malta,1,1993,0.057841876
Malta,1,1994,1.172828437
Malta,1,1995,1.930270705
Malta,1,1996,2.357215994
Malta,1,1997,2.336698473
Malta,1,1998,2.106087971
Malta,1,1999,1.720259916
Malta,1,2000,1.582585515
Malta,1,2001,1.521919354
Malta,1,2002,1.595871081
Malta,1,2003,1.606723559
Malta,1,2004,1.650596393
Malta,1,2005,1.966270955
Malta,1,2006,2.002608432
Malta,1,2007,2.105765507
Malta,1,2008,2.287763105
Malta,1,2009,3.111626916
Malta,1,2010,4.049535059
Malta,1,2011,4.947363681
Malta,1,2012,5.462742317
Malta,1,2013,5.774468908
Malta,1,2014,5.980645306
Malta,1,2015,5.806245499
Malta,1,2016,5.347095164
Malta,1,2017,4.563602124
New Zealand,1,1983,1.170772466
New Zealand,1,1984,1.161678651
New Zealand,1,1985,1.156597132
New Zealand,1,1986,1.15441378
New Zealand,1,1987,1.158447914
New Zealand,1,1988,1.169233904
New Zealand,1,1989,1.188751607
New Zealand,1,1990,1.206677381
New Zealand,1,1991,1.238733086
New Zealand,1,1992,1.323869597
New Zealand,1,1993,1.428839419
New Zealand,1,1994,1.579660374
New Zealand,1,1995,1.683161332
New Zealand,1,1996,1.766053435
New Zealand,1,1997,1.780248076
New Zealand,1,1998,1.779909921
New Zealand,1,1999,1.743058739
New Zealand,1,2000,1.716292149
New Zealand,1,2001,1.790101873
New Zealand,1,2002,1.885473341
New Zealand,1,2003,2.042957636
New Zealand,1,2004,2.142973688
New Zealand,1,2005,2.234963109
New Zealand,1,2006,2.278147654
New Zealand,1,2007,2.310132941
New Zealand,1,2008,2.337834765
New Zealand,1,2009,2.375595538
New Zealand,1,2010,2.461078306
New Zealand,1,2011,2.56715074
New Zealand,1,2012,2.699594447
New Zealand,1,2013,2.838784687
New Zealand,1,2014,2.969224492
New Zealand,1,2015,3.104643879
New Zealand,1,2016,3.242582466
New Zealand,1,2017,3.38385359
Norway,1,1980,1.694968077
Norway,1,1981,1.639467787
Norway,1,1982,1.600119384
Norway,1,1983,1.581116558
Norway,1,1984,1.577034682
Norway,1,1985,1.586539979
Norway,1,1986,1.612091943
Norway,1,1987,1.648054764
Norway,1,1988,1.750660636
Norway,1,1989,1.837028667
Norway,1,1990,1.79152588
Norway,1,1991,1.69158326
Norway,1,1992,1.612491312
Norway,1,1993,1.551913494
Norway,1,1994,1.503643247
Norway,1,1995,1.51636445
Norway,1,1996,1.549386743
Norway,1,1997,1.595038967
Norway,1,1998,1.643571585
Norway,1,1999,1.655582023
Norway,1,2000,1.657203516
Norway,1,2001,1.679046342
Norway,1,2002,1.746651821
Norway,1,2003,1.817345195
Norway,1,2004,1.860004609
Norway,1,2005,1.896890882
Norway,1,2006,1.936364181
Norway,1,2007,1.954415007
Norway,1,2008,1.985567141
Norway,1,2009,2.065615951
Norway,1,2010,2.169896874
Norway,1,2011,2.303880122
Norway,1,2012,2.477385182
Norway,1,2013,2.672561802
Norway,1,2014,2.880196339
Norway,1,2015,3.106124113
Norway,1,2016,3.342649096
Norway,1,2017,3.593834264
Philippines,1,1983,3.843639935
Philippines,1,1984,3.606596753
Philippines,1,1985,3.409552159
Philippines,1,1986,3.253241562
Philippines,1,1987,3.132406098
Philippines,1,1988,3.05925795
Philippines,1,1989,3.017020472
Philippines,1,1990,2.971929046
Philippines,1,1991,2.951684672
Philippines,1,1992,3.022186897
Philippines,1,1993,3.103751389
Philippines,1,1994,3.082306246
Philippines,1,1995,3.10432054
Philippines,1,1996,3.116160953
Philippines,1,1997,3.096415638
Philippines,1,1998,3.080001509
Philippines,1,1999,3.009681043
Philippines,1,2000,2.960997275
Philippines,1,2001,3.06132713
Philippines,1,2002,3.19465296
Philippines,1,2003,3.359708808
Philippines,1,2004,3.580108606
Philippines,1,2005,3.776122993
Philippines,1,2006,3.79218334
Philippines,1,2007,3.743361196
Philippines,1,2008,3.590284696
Philippines,1,2009,3.431753653
Philippines,1,2010,3.340135455
Philippines,1,2011,3.266870084
Philippines,1,2012,3.274246433
Philippines,1,2013,3.300419742
Philippines,1,2014,3.324184083
Philippines,1,2015,3.363496276
Philippines,1,2016,3.405438312
Philippines,1,2017,3.454565788
Poland,1,1999,0.78402811
Poland,1,2000,1.139072168
Poland,1,2001,1.47710541
Poland,1,2002,1.757121753
Poland,1,2003,2.224533471
Poland,1,2004,1.850043235
Poland,1,2005,1.472614744
Poland,1,2006,1.627486481
Poland,1,2007,1.6838769
Poland,1,2008,1.70671627
Poland,1,2009,1.630896389
Poland,1,2010,2.531150635
Poland,1,2011,2.759019135
Poland,1,2012,2.685953357
Poland,1,2013,2.121237332
Poland,1,2014,2.983643458
Poland,1,2015,3.467281503
Poland,1,2016,3.454172624
Poland,1,2017,2.975346384
Qatar,1,2003,1.908304167
Qatar,1,2004,2.396564626
Qatar,1,2005,2.423459806
Qatar,1,2006,2.632925014
Qatar,1,2007,2.606221977
Qatar,1,2008,5.331422786
Qatar,1,2009,5.209255019
Qatar,1,2010,3.84858507
Qatar,1,2011,1.16268066
Qatar,1,2012,1.748829469
Qatar,1,2013,1.817477682
Qatar,1,2014,1.868309514
Qatar,1,2015,1.402315961
Qatar,1,2016,2.621985502
Qatar,1,2017,5.151562699
Republic of Korea,1,1999,2.072571992
Republic of Korea,1,2000,1.998778021
Republic of Korea,1,2001,2.227323101
Republic of Korea,1,2002,2.764943177
Republic of Korea,1,2003,3.629788158
Republic of Korea,1,2004,4.752779215
Republic of Korea,1,2005,5.928629066
Republic of Korea,1,2006,7.531254962
Republic of Korea,1,2007,10.11201433
Republic of Korea,1,2008,13.03965956
Republic of Korea,1,2009,15.91405065
Republic of Korea,1,2010,18.32492174
Republic of Korea,1,2011,20.84642814
Republic of Korea,1,2012,23.52853163
Republic of Korea,1,2013,22.9083248
Republic of Korea,1,2014,18.68123409
Republic of Korea,1,2015,16.09944579
Republic of Korea,1,2016,15.67935616
Republic of Korea,1,2017,17.29180627
Slovenia,1,1983,1.210972657
Slovenia,1,1984,1.236196511
Slovenia,1,1985,1.259714951
Slovenia,1,1986,1.279392066
Slovenia,1,1987,1.29556236
Slovenia,1,1988,1.324075614
Slovenia,1,1989,1.347713969
Slovenia,1,1990,1.315892829
Slovenia,1,1991,1.276088665
Slovenia,1,1992,1.258803484
Slovenia,1,1993,1.254832609
Slovenia,1,1994,1.264222027
Slovenia,1,1995,1.297519654
Slovenia,1,1996,1.360167159
Slovenia,1,1997,1.539209185
Slovenia,1,1998,1.726044946
Slovenia,1,1999,1.841956472
Slovenia,1,2000,1.947474749
Slovenia,1,2001,2.038684089
Slovenia,1,2002,2.109119721
Slovenia,1,2003,2.122088643
Slovenia,1,2004,2.113651084
Slovenia,1,2005,2.107440839
Slovenia,1,2006,2.134722352
Slovenia,1,2007,2.187309712
Slovenia,1,2008,2.285647294
Slovenia,1,2009,2.400991415
Slovenia,1,2010,2.601274091
Slovenia,1,2011,2.805146726
Slovenia,1,2012,2.927434107
Slovenia,1,2013,3.005611268
Slovenia,1,2014,3.02466795
Slovenia,1,2015,2.998041746
Slovenia,1,2016,2.920160798
Slovenia,1,2017,2.793691982
Spain,1,2003,2.108206731
Spain,1,2004,1.812949811
Spain,1,2005,1.839649114
Spain,1,2006,2.294764903
Spain,1,2007,2.636202965
Spain,1,2008,2.580994578
Spain,1,2009,2.763999563
Spain,1,2010,3.070172973
Spain,1,2011,3.024911577
Spain,1,2012,3.152051413
Spain,1,2013,3.527893605
Spain,1,2014,3.618584603
Spain,1,2015,3.516903392
Spain,1,2016,3.488013886
Spain,1,2017,3.439637059
Switzerland,1,1998,1.701825437
Switzerland,1,1999,1.738233073
Switzerland,1,2000,1.883677237
Switzerland,1,2001,2.14349024
Switzerland,1,2002,2.423924278
Switzerland,1,2003,2.834074939
Switzerland,1,2004,3.009953257
Switzerland,1,2005,3.109691741
Switzerland,1,2006,3.142069304
Switzerland,1,2007,3.001841159
Switzerland,1,2008,3.106661506
Switzerland,1,2009,3.040184438
Switzerland,1,2010,2.892767097
Switzerland,1,2011,3.19046691
Switzerland,1,2012,4.003623429
Switzerland,1,2013,4.954867584
Switzerland,1,2014,5.091332697
Switzerland,1,2015,4.689246469
Switzerland,1,2016,4.198731158
Switzerland,1,2017,3.608102039
Thailand,1,1993,1.377975762
Thailand,1,1994,1.264131424
Thailand,1,1995,1.183344734
Thailand,1,1996,1.129531138
Thailand,1,1997,1.100928652
Thailand,1,1998,1.098701825
Thailand,1,1999,1.127043069
Thailand,1,2000,1.188558689
Thailand,1,2001,1.228520427
Thailand,1,2002,1.181337548
Thailand,1,2003,1.115921154
Thailand,1,2004,1.063476429
Thailand,1,2005,1.086884552
Thailand,1,2006,1.126963535
Thailand,1,2007,1.177552389
Thailand,1,2008,1.166268343
Thailand,1,2009,1.189157645
Thailand,1,2010,1.229156133
Thailand,1,2011,1.347550709
Thailand,1,2012,1.426837291
Thailand,1,2013,1.49041866
Thailand,1,2014,1.541692146
Thailand,1,2015,1.555255591
Thailand,1,2016,1.540404717
Thailand,1,2017,1.490074692
The Netherlands,1,1989,0.81045559
The Netherlands,1,1990,0.907778039
The Netherlands,1,1991,0.984327667
The Netherlands,1,1992,1.038324205
The Netherlands,1,1993,1.068036723
The Netherlands,1,1994,1.079674988
The Netherlands,1,1995,1.058602407
The Netherlands,1,1996,1.024945943
The Netherlands,1,1997,1.001329008
The Netherlands,1,1998,0.988632703
The Netherlands,1,1999,1.012805306
The Netherlands,1,2000,1.035651181
The Netherlands,1,2001,1.002638226
The Netherlands,1,2002,0.991117878
The Netherlands,1,2003,1.080396659
The Netherlands,1,2004,1.16756474
The Netherlands,1,2005,1.250476903
The Netherlands,1,2006,1.25120115
The Netherlands,1,2007,1.240163108
The Netherlands,1,2008,1.280807989
The Netherlands,1,2009,1.352190291
The Netherlands,1,2010,1.47506593
The Netherlands,1,2011,1.570844989
The Netherlands,1,2012,1.653834426
The Netherlands,1,2013,1.70573171
The Netherlands,1,2014,1.744229612
The Netherlands,1,2015,1.776245597
The Netherlands,1,2016,1.797071852
The Netherlands,1,2017,1.80941795
Türkiye,1,1998,0.989488824
Türkiye,1,1999,1.191897541
Türkiye,1,2000,1.3850159
Türkiye,1,2001,1.605066835
Türkiye,1,2002,1.795133742
Türkiye,1,2003,2.055583706
Türkiye,1,2004,2.422944148
Türkiye,1,2005,2.768367126
Türkiye,1,2006,3.338047965
Türkiye,1,2007,3.983594929
Türkiye,1,2008,4.351387547
Türkiye,1,2009,4.542211787
Türkiye,1,2010,4.846080512
Türkiye,1,2011,5.489117377
Türkiye,1,2012,6.218487047
Türkiye,1,2013,6.584524805
Türkiye,1,2014,6.545359799
Türkiye,1,2015,6.57519603
Türkiye,1,2016,6.729476951
Türkiye,1,2017,7.011161517
Uganda,1,1993,0.349713309
Uganda,1,1994,0.451617536
Uganda,1,1995,0.57006228
Uganda,1,1996,0.675991815
Uganda,1,1997,0.813271359
Uganda,1,1998,0.899513032
Uganda,1,1999,0.751925986
Uganda,1,2000,0.528983683
Uganda,1,2001,0.389597859
Uganda,1,2002,0.662431173
Uganda,1,2003,1.081568428
Uganda,1,2004,1.502330991
Uganda,1,2005,1.682234696
Uganda,1,2006,1.478279999
Uganda,1,2007,1.174584994
Uganda,1,2008,0.959948721
Uganda,1,2009,0.964157276
Uganda,1,2010,1.012100524
Uganda,1,2011,1.242711454
Uganda,1,2012,1.18343147
Uganda,1,2013,1.011966279
Uganda,1,2014,0.688359685
Uganda,1,2015,0.584960532
Uganda,1,2016,0.603227886
Uganda,1,2017,0.813203508
UK,1,2003,1.10403345
UK,1,2004,1.118667727
UK,1,2005,1.161379073
UK,1,2006,1.256278771
UK,1,2007,1.30826188
UK,1,2008,1.371750083
UK,1,2009,1.528775149
UK,1,2010,1.716143328
UK,1,2011,1.783040512
UK,1,2012,1.857632681
UK,1,2013,2.013517945
UK,1,2014,2.131675181
UK,1,2015,2.158684517
UK,1,2016,2.2013064
UK,1,2017,2.273168783
USA,1,1980,1.925470041
USA,1,1981,2.019608555
USA,1,1982,2.099048733
USA,1,1983,2.160362973
USA,1,1984,2.209883624
USA,1,1985,2.235499133
USA,1,1986,2.238806249
USA,1,1987,2.251593107
USA,1,1988,2.280965912
USA,1,1989,2.324621974
USA,1,1990,2.404976393
USA,1,1991,2.508121407
USA,1,1992,2.59724751
USA,1,1993,2.658435488
USA,1,1994,2.715387759
USA,1,1995,2.741729515
USA,1,1996,2.772679222
USA,1,1997,2.846560507
USA,1,1998,2.946770231
USA,1,1999,3.0883597
USA,1,2000,3.257956807
USA,1,2001,3.442549135
USA,1,2002,3.652153026
USA,1,2003,3.87448348
USA,1,2004,4.095719673
USA,1,2005,4.326214785
USA,1,2006,4.555765392
USA,1,2007,4.788150397
USA,1,2008,5.023432921
USA,1,2009,5.275511295
USA,1,2010,5.53152883
USA,1,2011,5.735575894
USA,1,2012,5.884128722
USA,1,2013,5.989621171
USA,1,2014,6.044070387
USA,1,2015,6.052227853
USA,1,2016,6.006891051
USA,1,2017,5.911976267
Argentina,2,2003,5.690935061
Argentina,2,2004,6.077960417
Argentina,2,2005,6.328536689
Argentina,2,2006,6.144340558
Argentina,2,2007,4.914941965
Argentina,2,2008,4.634070991
Argentina,2,2009,5.496617897
Argentina,2,2010,6.086896791
Argentina,2,2011,7.526031703
Argentina,2,2012,8.145459912
Argentina,2,2013,7.440854604
Argentina,2,2014,6.176057647
Argentina,2,2015,6.318526697
Argentina,2,2016,6.730893984
Argentina,2,2017,7.783850019
Australia,2,1993,4.976719685
Australia,2,1994,5.233808172
Australia,2,1995,5.477066769
Australia,2,1996,5.718360221
Australia,2,1997,5.929961375
Australia,2,1998,6.156285401
Australia,2,1999,6.439357797
Australia,2,2000,6.819606439
Australia,2,2001,7.262317925
Australia,2,2002,7.781212213
Australia,2,2003,8.317806664
Australia,2,2004,8.840488464
Australia,2,2005,9.273498157
Australia,2,2006,9.678877897
Australia,2,2007,10.10353642
Australia,2,2008,10.65072352
Australia,2,2009,11.20486144
Australia,2,2010,11.77451217
Australia,2,2011,12.35522967
Australia,2,2012,12.85999218
Australia,2,2013,13.29806027
Australia,2,2014,13.63371281
Australia,2,2015,13.91797337
Australia,2,2016,14.13799664
Australia,2,2017,14.29873626
Austria,2,1998,5.755803137
Austria,2,1999,6.28347668
Austria,2,2000,6.770800356
Austria,2,2001,7.26757684
Austria,2,2002,7.549289997
Austria,2,2003,7.724238556
Austria,2,2004,8.306112785
Austria,2,2005,9.224528522
Austria,2,2006,10.18079013
Austria,2,2007,11.15076956
Austria,2,2008,11.85260893
Austria,2,2009,12.15807086
Austria,2,2010,12.05347569
Austria,2,2011,11.64670663
Austria,2,2012,11.28928997
Austria,2,2013,10.76369963
Austria,2,2014,10.23610452
Austria,2,2015,9.917939938
Austria,2,2016,9.764593328
Austria,2,2017,9.807413124
Bahrain,2,1998,5.877461918
Bahrain,2,1999,7.970233973
Bahrain,2,2000,9.076940978
Bahrain,2,2001,9.035050827
Bahrain,2,2002,8.403850032
Bahrain,2,2003,8.877414255
Bahrain,2,2004,9.07991015
Bahrain,2,2005,8.197981359
Bahrain,2,2006,6.513462046
Bahrain,2,2007,4.542395861
Bahrain,2,2008,3.861488214
Bahrain,2,2009,4.321437307
Bahrain,2,2010,4.485333243
Bahrain,2,2011,4.086682547
Bahrain,2,2012,4.758124971
Bahrain,2,2013,7.410419162
Bahrain,2,2014,10.68816846
Bahrain,2,2015,11.78450544
Bahrain,2,2016,10.66271813
Bahrain,2,2017,7.278051157
Belarus,2,1983,1.891220131
Belarus,2,1984,1.705740135
Belarus,2,1985,1.667056791
Belarus,2,1986,1.782014649
Belarus,2,1987,2.057691896
Belarus,2,1988,2.480390146
Belarus,2,1989,3.06699024
Belarus,2,1990,3.996294011
Belarus,2,1991,5.025690193
Belarus,2,1992,6.122786717
Belarus,2,1993,7.201456713
Belarus,2,1994,8.023463587
Belarus,2,1995,8.619845753
Belarus,2,1996,9.176328855
Belarus,2,1997,9.833375917
Belarus,2,1998,10.51401363
Belarus,2,1999,11.51596966
Belarus,2,2000,12.48448866
Belarus,2,2001,13.22529911
Belarus,2,2002,13.80498984
Belarus,2,2003,13.9229887
Belarus,2,2004,13.8553535
Belarus,2,2005,13.72814067
Belarus,2,2006,13.79686211
Belarus,2,2007,13.88187889
Belarus,2,2008,14.15040138
Belarus,2,2009,14.42599634
Belarus,2,2010,14.5130793
Belarus,2,2011,14.57660594
Belarus,2,2012,14.58885982
Belarus,2,2013,14.6696035
Belarus,2,2014,14.9186457
Belarus,2,2015,15.26055485
Belarus,2,2016,15.74174048
Belarus,2,2017,16.33851456
Canada,2,1980,3.883548914
Canada,2,1981,3.958240281
Canada,2,1982,4.048721445
Canada,2,1983,4.153194439
Canada,2,1984,4.272831361
Canada,2,1985,4.414820247
Canada,2,1986,4.577021006
Canada,2,1987,4.74902847
Canada,2,1988,4.876724745
Canada,2,1989,5.03289441
Canada,2,1990,5.330111738
Canada,2,1991,5.695341366
Canada,2,1992,6.030117376
Canada,2,1993,6.306471643
Canada,2,1994,6.572019488
Canada,2,1995,6.709343095
Canada,2,1996,6.890451256
Canada,2,1997,7.183558018
Canada,2,1998,7.60565069
Canada,2,1999,8.397435484
Canada,2,2000,9.406502848
Canada,2,2001,10.41538818
Canada,2,2002,11.48531383
Canada,2,2003,12.53694301
Canada,2,2004,13.35035498
Canada,2,2005,14.06389779
Canada,2,2006,14.78667141
Canada,2,2007,15.49921312
Canada,2,2008,16.23910592
Canada,2,2009,17.24914706
Canada,2,2010,18.36265465
Canada,2,2011,19.16007854
Canada,2,2012,19.62162475
Canada,2,2013,19.81439282
Canada,2,2014,19.66291791
Canada,2,2015,19.21746784
Canada,2,2016,18.4206543
Canada,2,2017,17.30234564
Chile,2,1998,2.543251874
Chile,2,1999,4.217910579
Chile,2,2000,5.14139819
Chile,2,2001,5.493521016
Chile,2,2002,5.196934618
Chile,2,2003,4.78566661
Chile,2,2004,5.409847831
Chile,2,2005,6.676622586
Chile,2,2006,7.313221313
Chile,2,2007,7.548547849
Chile,2,2008,6.642471155
Chile,2,2009,6.478780345
Chile,2,2010,8.328472968
Chile,2,2011,8.682237281
Chile,2,2012,9.345147834
Chile,2,2013,11.59491133
Chile,2,2014,15.00208589
Chile,2,2015,17.84600492
Chile,2,2016,19.29614164
Chile,2,2017,19.29767823
China,2,2003,3.864574146
China,2,2004,5.035198092
China,2,2005,6.049788665
China,2,2006,6.833776845
China,2,2007,7.537035069
China,2,2008,8.49004011
China,2,2009,9.84103111
China,2,2010,12.10946878
China,2,2011,15.67093671
China,2,2012,20.98012907
China,2,2013,27.42588125
China,2,2014,32.96790889
China,2,2015,36.22606332
China,2,2016,38.9260194
China,2,2017,41.22545457
Colombia,2,2003,10.76721218
Colombia,2,2004,9.69401173
Colombia,2,2005,9.489648108
Colombia,2,2006,10.49895148
Colombia,2,2007,11.79857753
Colombia,2,2008,12.46683067
Colombia,2,2009,12.20880591
Colombia,2,2010,13.89236587
Colombia,2,2011,15.96304252
Colombia,2,2012,17.31939362
Colombia,2,2013,17.95772875
Colombia,2,2014,20.11020771
Colombia,2,2015,22.05742116
Colombia,2,2016,23.03926969
Colombia,2,2017,23.06419292
Costa Rica,2,1982,4.615978149
Costa Rica,2,1983,4.222054333
Costa Rica,2,1984,3.94901739
Costa Rica,2,1985,3.806751798
Costa Rica,2,1986,3.783152305
Costa Rica,2,1987,3.874158984
Costa Rica,2,1988,4.075034438
Costa Rica,2,1989,4.505172367
Costa Rica,2,1990,4.981933318
Costa Rica,2,1991,5.382018903
Costa Rica,2,1992,5.756963748
Costa Rica,2,1993,5.989086713
Costa Rica,2,1994,6.097257151
Costa Rica,2,1995,6.184352546
Costa Rica,2,1996,6.303857347
Costa Rica,2,1997,6.500760233
Costa Rica,2,1998,6.86625843
Costa Rica,2,1999,7.33734751
Costa Rica,2,2000,7.98584238
Costa Rica,2,2001,8.749997271
Costa Rica,2,2002,9.719253535
Costa Rica,2,2003,10.6182006
Costa Rica,2,2004,11.56527958
Costa Rica,2,2005,12.47964322
Costa Rica,2,2006,13.47638446
Costa Rica,2,2007,14.70172535
Costa Rica,2,2008,15.99320668
Costa Rica,2,2009,17.49250299
Costa Rica,2,2010,18.97059877
Costa Rica,2,2011,20.24975912
Costa Rica,2,2012,21.27373476
Costa Rica,2,2013,21.87678003
Costa Rica,2,2014,22.19600518
Costa Rica,2,2015,22.16934013
Costa Rica,2,2016,21.82532929
Croatia,2,1988,4.388224861
Croatia,2,1989,4.043212011
Croatia,2,1990,3.860590796
Croatia,2,1991,3.824989416
Croatia,2,1992,3.933875612
Croatia,2,1993,4.177761675
Croatia,2,1994,4.55016986
Croatia,2,1995,5.05105627
Croatia,2,1996,5.723890435
Croatia,2,1997,6.46386571
Croatia,2,1998,7.275981198
Croatia,2,1999,8.049230847
Croatia,2,2000,8.646120861
Croatia,2,2001,9.170662355
Croatia,2,2002,9.393682971
Croatia,2,2003,9.668533142
Croatia,2,2004,10.0245644
Croatia,2,2005,10.76429842
Croatia,2,2006,11.57232283
Croatia,2,2007,12.35554849
Croatia,2,2008,13.10215216
Croatia,2,2009,13.53558497
Croatia,2,2010,13.96682575
Croatia,2,2011,14.58003016
Croatia,2,2012,15.31434914
Croatia,2,2013,16.29196629
Croatia,2,2014,17.30607269
Croatia,2,2015,18.2756124
Croatia,2,2016,19.26742418
Croatia,2,2017,20.21651033
Cyprus,2,1998,10.46771161
Cyprus,2,1999,9.264694571
Cyprus,2,2000,8.927104009
Cyprus,2,2001,9.505010363
Cyprus,2,2002,10.92433063
Cyprus,2,2003,11.51027189
Cyprus,2,2004,11.77571259
Cyprus,2,2005,12.18644796
Cyprus,2,2006,14.47448509
Cyprus,2,2007,18.85371306
Cyprus,2,2008,23.05542888
Cyprus,2,2009,26.9014611
Cyprus,2,2010,30.30000567
Cyprus,2,2011,31.76845416
Cyprus,2,2012,32.57265808
Cyprus,2,2013,35.35868472
Cyprus,2,2014,42.74479512
Cyprus,2,2015,50.05507459
Cyprus,2,2016,54.95407686
Cyprus,2,2017,57.48118541
Czech Republic,2,1983,2.806460979
Czech Republic,2,1984,2.815804464
Czech Republic,2,1985,2.832368597
Czech Republic,2,1986,2.862167479
Czech Republic,2,1987,2.909222709
Czech Republic,2,1988,2.95914147
Czech Republic,2,1989,3.027345249
Czech Republic,2,1990,3.122721094
Czech Republic,2,1991,3.257971462
Czech Republic,2,1992,3.500088415
Czech Republic,2,1993,3.774092518
Czech Republic,2,1994,4.055348657
Czech Republic,2,1995,4.304541483
Czech Republic,2,1996,4.553817485
Czech Republic,2,1997,4.775442392
Czech Republic,2,1998,4.998615216
Czech Republic,2,1999,5.159812689
Czech Republic,2,2000,5.375340947
Czech Republic,2,2001,5.821371319
Czech Republic,2,2002,6.327379604
Czech Republic,2,2003,6.896230316
Czech Republic,2,2004,7.464417074
Czech Republic,2,2005,8.043626577
Czech Republic,2,2006,8.595572943
Czech Republic,2,2007,9.11210958
Czech Republic,2,2008,9.497560782
Czech Republic,2,2009,9.85296414
Czech Republic,2,2010,10.2587173
Czech Republic,2,2011,10.66531003
Czech Republic,2,2012,11.09685456
Czech Republic,2,2013,11.47889505
Czech Republic,2,2014,11.75555995
Czech Republic,2,2015,11.97445165
Czech Republic,2,2016,12.12727352
Czech Republic,2,2017,12.2166161
Denmark,2,1980,2.105431202
Denmark,2,1981,2.092037689
Denmark,2,1982,2.076555635
Denmark,2,1983,2.055283083
Denmark,2,1984,2.035082423
Denmark,2,1985,2.008792123
Denmark,2,1986,1.976588717
Denmark,2,1987,1.961556023
Denmark,2,1988,1.981431729
Denmark,2,1989,2.011202515
Denmark,2,1990,2.039502694
Denmark,2,1991,2.081000264
Denmark,2,1992,2.133703066
Denmark,2,1993,2.174388477
Denmark,2,1994,2.228146107
Denmark,2,1995,2.336439558
Denmark,2,1996,2.464062273
Denmark,2,1997,2.636638097
Denmark,2,1998,2.803488785
Denmark,2,1999,2.896730603
Denmark,2,2000,2.972499932
Denmark,2,2001,3.057844751
Denmark,2,2002,3.149120876
Denmark,2,2003,3.234666606
Denmark,2,2004,3.305234326
Denmark,2,2005,3.377564669
Denmark,2,2006,3.505661704
Denmark,2,2007,3.665149545
Denmark,2,2008,3.865428977
Denmark,2,2009,4.174440172
Denmark,2,2010,4.556524525
Denmark,2,2011,4.960952952
Denmark,2,2012,5.376559092
Denmark,2,2013,5.823638189
Denmark,2,2014,6.301127242
Denmark,2,2015,6.80965974
Denmark,2,2016,7.348973423
Denmark,2,2017,7.919676902
Ecuador,2,1985,5.142356758
Ecuador,2,1986,5.870373273
Ecuador,2,1987,6.499239659
Ecuador,2,1988,7.026177401
Ecuador,2,1989,7.460261336
Ecuador,2,1990,7.768006291
Ecuador,2,1991,8.022840217
Ecuador,2,1992,8.345719772
Ecuador,2,1993,8.592598579
Ecuador,2,1994,8.560555037
Ecuador,2,1995,8.48369778
Ecuador,2,1996,8.457942598
Ecuador,2,1997,8.484855099
Ecuador,2,1998,8.656483094
Ecuador,2,1999,9.004881974
Ecuador,2,2000,9.447085587
Ecuador,2,2001,10.15256857
Ecuador,2,2002,11.41675061
Ecuador,2,2003,13.03864931
Ecuador,2,2004,15.21734327
Ecuador,2,2005,17.49460686
Ecuador,2,2006,19.07996307
Ecuador,2,2007,20.94395344
Ecuador,2,2008,23.5245829
Ecuador,2,2009,26.52663165
Ecuador,2,2010,30.85689661
Ecuador,2,2011,35.30986554
Ecuador,2,2012,38.63066588
Ecuador,2,2013,41.65815679
Ecuador,2,2014,44.5537227
Ecuador,2,2015,47.2219708
Ecuador,2,2016,49.66231239
Ecuador,2,2017,51.89033396
Estonia,2,1983,2.455716803
Estonia,2,1984,2.667418602
Estonia,2,1985,2.799122367
Estonia,2,1986,2.857197046
Estonia,2,1987,2.868868269
Estonia,2,1988,2.762765075
Estonia,2,1989,2.632095157
Estonia,2,1990,2.549403896
Estonia,2,1991,2.545915292
Estonia,2,1992,2.746052548
Estonia,2,1993,3.034211531
Estonia,2,1994,3.410420974
Estonia,2,1995,3.96110789
Estonia,2,1996,4.52599238
Estonia,2,1997,5.002763471
Estonia,2,1998,5.388935818
Estonia,2,1999,5.540033328
Estonia,2,2000,5.605569526
Estonia,2,2001,5.47312074
Estonia,2,2002,5.296354228
Estonia,2,2003,5.107991164
Estonia,2,2004,5.230586734
Estonia,2,2005,5.404099948
Estonia,2,2006,5.561544916
Estonia,2,2007,5.71760074
Estonia,2,2008,5.841016202
Estonia,2,2009,5.935215641
Estonia,2,2010,5.899084463
Estonia,2,2011,5.828032144
Estonia,2,2012,5.793872279
Estonia,2,2013,5.756890107
Estonia,2,2014,5.719623123
Estonia,2,2015,5.681060783
Estonia,2,2016,5.643699946
Estonia,2,2017,5.605683227
France,2,1998,9.274633383
France,2,1999,9.489790667
France,2,2000,9.838875059
France,2,2001,10.29723979
France,2,2002,10.81301984
France,2,2003,11.18586416
France,2,2004,11.39795945
France,2,2005,11.77860076
France,2,2006,12.14766691
France,2,2007,12.52984096
France,2,2008,13.23968416
France,2,2009,13.97600052
France,2,2010,14.39057173
France,2,2011,14.65518407
France,2,2012,14.9778037
France,2,2013,15.40265585
France,2,2014,15.6543192
France,2,2015,15.19168433
France,2,2016,14.1195534
France,2,2017,12.45637704
Germany,2,2003,3.723329639
Germany,2,2004,4.334905496
Germany,2,2005,4.439407017
Germany,2,2006,3.874082011
Germany,2,2007,3.781120079
Germany,2,2008,4.810741857
Germany,2,2009,5.575771534
Germany,2,2010,5.877360162
Germany,2,2011,5.712008661
Germany,2,2012,5.583666749
Germany,2,2013,5.851178531
Germany,2,2014,6.297994093
Germany,2,2015,6.390127459
Germany,2,2016,6.898649564
Germany,2,2017,7.778866855
Iceland,2,1980,10.2583201
Iceland,2,1981,9.593015328
Iceland,2,1982,9.070540738
Iceland,2,1983,8.697952128
Iceland,2,1984,8.463807682
Iceland,2,1985,8.357700061
Iceland,2,1986,8.373415541
Iceland,2,1987,8.499341666
Iceland,2,1988,8.786484823
Iceland,2,1989,9.212936446
Iceland,2,1990,9.836575002
Iceland,2,1991,10.60627504
Iceland,2,1992,11.23754579
Iceland,2,1993,11.88387855
Iceland,2,1994,12.34306338
Iceland,2,1995,11.99926287
Iceland,2,1996,11.50225522
Iceland,2,1997,11.15820921
Iceland,2,1998,10.82209315
Iceland,2,1999,10.5586575
Iceland,2,2000,10.33378621
Iceland,2,2001,10.40275967
Iceland,2,2002,11.40791244
Iceland,2,2003,12.37214719
Iceland,2,2004,12.31879159
Iceland,2,2005,11.94294348
Iceland,2,2006,11.57839083
Iceland,2,2007,11.12711303
Iceland,2,2008,10.6501203
Iceland,2,2009,10.34774044
Iceland,2,2010,10.07254686
Iceland,2,2011,9.875242167
Iceland,2,2012,9.762751623
Iceland,2,2013,9.770070321
Iceland,2,2014,9.930325636
Iceland,2,2015,10.20260332
Iceland,2,2016,10.58668523
Iceland,2,2017,11.09549067
India,2,2003,1.926688829
India,2,2004,1.85761552
India,2,2005,1.802791618
India,2,2006,1.812663149
India,2,2007,1.857509588
India,2,2008,2.076063376
India,2,2009,2.171758713
India,2,2010,2.103260563
India,2,2011,2.122975121
India,2,2012,2.26350698
India,2,2013,2.222969472
India,2,2014,2.266077812
India,2,2015,2.379602181
India,2,2016,2.296849895
India,2,2017,2.096470342
Ireland,2,1994,2.012960408
Ireland,2,1995,1.89359258
Ireland,2,1996,1.849095189
Ireland,2,1997,1.88728066
Ireland,2,1998,1.984901582
Ireland,2,1999,2.248089618
Ireland,2,2000,2.40876138
Ireland,2,2001,2.383879582
Ireland,2,2002,2.368561545
Ireland,2,2003,2.684165797
Ireland,2,2004,3.271579406
Ireland,2,2005,3.680953021
Ireland,2,2006,3.811181416
Ireland,2,2007,3.839054149
Ireland,2,2008,3.991491121
Ireland,2,2009,4.749559255
Ireland,2,2010,5.811962406
Ireland,2,2011,6.647582315
Ireland,2,2012,7.234510614
Ireland,2,2013,7.334020075
Ireland,2,2014,7.159967288
Ireland,2,2015,6.801043273
Ireland,2,2016,6.232096558
Ireland,2,2017,5.448590217
Israel,2,1980,5.643527478
Israel,2,1981,5.355188455
Israel,2,1982,5.170863336
Israel,2,1983,5.089099509
Israel,2,1984,5.112375914
Israel,2,1985,5.256804328
Israel,2,1986,5.515832105
Israel,2,1987,5.860423032
Israel,2,1988,6.342581537
Israel,2,1989,6.862846196
Israel,2,1990,7.37703317
Israel,2,1991,7.944129423
Israel,2,1992,8.462656175
Israel,2,1993,8.850772435
Israel,2,1994,9.207720825
Israel,2,1995,9.582904352
Israel,2,1996,9.983204959
Israel,2,1997,10.47037639
Israel,2,1998,10.96946738
Israel,2,1999,11.44714336
Israel,2,2000,11.92964342
Israel,2,2001,12.40763564
Israel,2,2002,12.84249652
Israel,2,2003,13.29327695
Israel,2,2004,13.84220167
Israel,2,2005,14.4340995
Israel,2,2006,15.00005625
Israel,2,2007,15.55422825
Israel,2,2008,16.08058574
Israel,2,2009,16.645273
Israel,2,2010,17.22954472
Israel,2,2011,17.5918732
Israel,2,2012,17.72708428
Israel,2,2013,17.62987016
Israel,2,2014,17.23605908
Israel,2,2015,16.59505367
Israel,2,2016,15.66239803
Israel,2,2017,14.45631089
Italy,2,2003,14.43918286
Italy,2,2004,13.14276681
Italy,2,2005,12.69105015
Italy,2,2006,12.82155032
Italy,2,2007,13.65008549
Italy,2,2008,15.86003171
Italy,2,2009,16.99454646
Italy,2,2010,16.89939717
Italy,2,2011,16.10014328
Italy,2,2012,16.69670605
Italy,2,2013,17.3879079
Italy,2,2014,19.59918066
Italy,2,2015,19.71281077
Italy,2,2016,18.27046457
Italy,2,2017,15.28465168
Japan,2,1980,2.839384338
Japan,2,1981,3.097256306
Japan,2,1982,3.348481025
Japan,2,1983,3.594118793
Japan,2,1984,3.830237945
Japan,2,1985,4.061048096
Japan,2,1986,4.279717519
Japan,2,1987,4.499350834
Japan,2,1988,4.688258011
Japan,2,1989,4.785266085
Japan,2,1990,4.858623303
Japan,2,1991,4.907897711
Japan,2,1992,4.97976303
Japan,2,1993,5.046343828
Japan,2,1994,5.155713918
Japan,2,1995,5.253382908
Japan,2,1996,5.31759581
Japan,2,1997,5.342579799
Japan,2,1998,5.22025399
Japan,2,1999,5.073031467
Japan,2,2000,4.877588555
Japan,2,2001,4.769915645
Japan,2,2002,4.752480246
Japan,2,2003,4.983806862
Japan,2,2004,5.316238777
Japan,2,2005,5.817035747
Japan,2,2006,6.370710966
Japan,2,2007,6.841816697
Japan,2,2008,7.311381344
Japan,2,2009,7.721066944
Japan,2,2010,8.13542669
Japan,2,2011,8.541408973
Japan,2,2012,8.941281467
Japan,2,2013,9.336436418
Japan,2,2014,9.730298255
Japan,2,2015,10.11943699
Kuwait,2,1998,7.922545668
Kuwait,2,1999,7.971168116
Kuwait,2,2000,7.774747209
Kuwait,2,2001,7.028163587
Kuwait,2,2002,7.164520724
Kuwait,2,2003,8.781250823
Kuwait,2,2004,9.286134425
Kuwait,2,2005,9.072254173
Kuwait,2,2006,8.84628048
Kuwait,2,2007,8.736607934
Kuwait,2,2008,9.226255447
Kuwait,2,2009,10.22283109
Kuwait,2,2010,11.03358907
Kuwait,2,2011,11.35962997
Kuwait,2,2012,11.65058013
Kuwait,2,2013,12.49688281
Kuwait,2,2014,14.18064885
Kuwait,2,2015,15.48567084
Kuwait,2,2016,16.25504368
Kuwait,2,2017,16.51444868
Latvia,2,1983,2.238186861
Latvia,2,1984,2.302708144
Latvia,2,1985,2.35224518
Latvia,2,1986,2.384175036
Latvia,2,1987,2.404785343
Latvia,2,1988,2.40768356
Latvia,2,1989,2.404534359
Latvia,2,1990,2.365088163
Latvia,2,1991,2.352940579
Latvia,2,1992,2.398572644
Latvia,2,1993,2.506304467
Latvia,2,1994,2.775220983
Latvia,2,1995,3.172994066
Latvia,2,1996,3.574250339
Latvia,2,1997,3.873330165
Latvia,2,1998,4.112201576
Latvia,2,1999,4.11244154
Latvia,2,2000,4.072620862
Latvia,2,2001,3.922649213
Latvia,2,2002,3.840304264
Latvia,2,2003,4.014949545
Latvia,2,2004,4.5779502
Latvia,2,2005,5.271872012
Latvia,2,2006,5.978336121
Latvia,2,2007,6.761438835
Latvia,2,2008,7.570501147
Latvia,2,2009,8.426242028
Latvia,2,2010,9.400553848
Latvia,2,2011,10.3298581
Latvia,2,2012,11.06931828
Latvia,2,2013,11.71688078
Latvia,2,2014,12.26951239
Latvia,2,2015,12.72295138
Latvia,2,2016,13.04312673
Latvia,2,2017,13.24742398
Lithuania,2,1988,2.454000613
Lithuania,2,1989,2.600962704
Lithuania,2,1990,2.805101991
Lithuania,2,1991,3.052267944
Lithuania,2,1992,3.363398841
Lithuania,2,1993,3.707938749
Lithuania,2,1994,4.076383869
Lithuania,2,1995,4.424986207
Lithuania,2,1996,4.563828412
Lithuania,2,1997,4.720868812
Lithuania,2,1998,4.919119061
Lithuania,2,1999,5.357347225
Lithuania,2,2000,6.583323853
Lithuania,2,2001,7.945196285
Lithuania,2,2002,9.372022147
Lithuania,2,2003,10.34537226
Lithuania,2,2004,11.16471526
Lithuania,2,2005,11.6314075
Lithuania,2,2006,11.96130303
Lithuania,2,2007,12.53268708
Lithuania,2,2008,13.01301215
Lithuania,2,2009,13.11854487
Lithuania,2,2010,13.10128973
Lithuania,2,2011,12.89021829
Lithuania,2,2012,12.67922384
Lithuania,2,2013,12.80747396
Lithuania,2,2014,12.97697444
Lithuania,2,2015,13.09956726
Lithuania,2,2016,13.23734466
Lithuania,2,2017,13.35742233
Malta,2,1993,4.779625006
Malta,2,1994,5.633823256
Malta,2,1995,6.661923273
Malta,2,1996,7.743448399
Malta,2,1997,9.189346952
Malta,2,1998,10.41308133
Malta,2,1999,10.65813809
Malta,2,2000,10.09936446
Malta,2,2001,9.282952238
Malta,2,2002,8.441274388
Malta,2,2003,8.575823873
Malta,2,2004,8.823174162
Malta,2,2005,8.489677753
Malta,2,2006,7.816940168
Malta,2,2007,7.369749881
Malta,2,2008,7.606164099
Malta,2,2009,9.52661483
Malta,2,2010,11.78909336
Malta,2,2011,13.94268067
Malta,2,2012,14.64385202
Malta,2,2013,14.82647675
Malta,2,2014,14.60217803
Malta,2,2015,15.0990669
Malta,2,2016,15.9749591
Malta,2,2017,17.50975804
New Zealand,2,1983,2.824065741
New Zealand,2,1984,3.017664425
New Zealand,2,1985,3.192449229
New Zealand,2,1986,3.344103904
New Zealand,2,1987,3.46347501
New Zealand,2,1988,3.57403586
New Zealand,2,1989,3.645143751
New Zealand,2,1990,3.564595325
New Zealand,2,1991,3.454541802
New Zealand,2,1992,3.262634075
New Zealand,2,1993,3.123553179
New Zealand,2,1994,3.160493412
New Zealand,2,1995,3.553902397
New Zealand,2,1996,4.020768377
New Zealand,2,1997,4.513442501
New Zealand,2,1998,4.96678736
New Zealand,2,1999,5.143637574
New Zealand,2,2000,5.237160268
New Zealand,2,2001,5.071368722
New Zealand,2,2002,4.891176507
New Zealand,2,2003,4.868591486
New Zealand,2,2004,5.167924736
New Zealand,2,2005,5.524341852
New Zealand,2,2006,5.821581582
New Zealand,2,2007,6.116456085
New Zealand,2,2008,6.341204734
New Zealand,2,2009,6.547881093
New Zealand,2,2010,6.668656103
New Zealand,2,2011,6.769054301
New Zealand,2,2012,6.958194582
New Zealand,2,2013,7.142084683
New Zealand,2,2014,7.291029222
New Zealand,2,2015,7.423262493
New Zealand,2,2016,7.521316279
New Zealand,2,2017,7.595056306
Norway,2,1980,5.316037418
Norway,2,1981,5.282794973
Norway,2,1982,5.240201704
Norway,2,1983,5.185628867
Norway,2,1984,5.12606493
Norway,2,1985,5.040606527
Norway,2,1986,4.927970964
Norway,2,1987,4.829130872
Norway,2,1988,4.785656962
Norway,2,1989,4.771986469
Norway,2,1990,4.792764274
Norway,2,1991,4.835836051
Norway,2,1992,4.816275405
Norway,2,1993,4.709221773
Norway,2,1994,4.573316765
Norway,2,1995,4.296519035
Norway,2,1996,4.039473144
Norway,2,1997,3.978091012
Norway,2,1998,3.979518896
Norway,2,1999,4.087461814
Norway,2,2000,4.287612736
Norway,2,2001,4.479160834
Norway,2,2002,4.647773994
Norway,2,2003,4.80229411
Norway,2,2004,4.885803027
Norway,2,2005,4.946964477
Norway,2,2006,5.07810147
Norway,2,2007,5.280497413
Norway,2,2008,5.52693658
Norway,2,2009,5.867148804
Norway,2,2010,6.265908466
Norway,2,2011,6.645356695
Norway,2,2012,6.9952118
Norway,2,2013,7.346069851
Norway,2,2014,7.693285309
Norway,2,2015,8.037868315
Norway,2,2016,8.376445085
Norway,2,2017,8.712677642
Philippines,2,1983,9.519568458
Philippines,2,1984,9.184939509
Philippines,2,1985,8.949466314
Philippines,2,1986,8.800079777
Philippines,2,1987,8.718880758
Philippines,2,1988,8.790996624
Philippines,2,1989,8.91108042
Philippines,2,1990,8.815624532
Philippines,2,1991,8.747260981
Philippines,2,1992,8.859401737
Philippines,2,1993,9.029798977
Philippines,2,1994,9.389178039
Philippines,2,1995,9.727706749
Philippines,2,1996,10.08588617
Philippines,2,1997,10.30588922
Philippines,2,1998,10.51845238
Philippines,2,1999,10.78608416
Philippines,2,2000,11.04907275
Philippines,2,2001,11.40369662
Philippines,2,2002,11.74745142
Philippines,2,2003,12.09718242
Philippines,2,2004,12.21879361
Philippines,2,2005,12.18683697
Philippines,2,2006,11.84916246
Philippines,2,2007,11.41420547
Philippines,2,2008,10.72258105
Philippines,2,2009,10.09908246
Philippines,2,2010,9.827242908
Philippines,2,2011,9.787684818
Philippines,2,2012,10.36433841
Philippines,2,2013,11.04264341
Philippines,2,2014,11.56777734
Philippines,2,2015,12.14591612
Philippines,2,2016,12.69418644
Philippines,2,2017,13.24916753
Poland,2,1999,4.846060232
Poland,2,2000,8.191404769
Poland,2,2001,10.32805829
Poland,2,2002,11.3451686
Poland,2,2003,10.04186722
Poland,2,2004,8.580972209
Poland,2,2005,9.145507477
Poland,2,2006,9.122983224
Poland,2,2007,9.577002197
Poland,2,2008,9.789698912
Poland,2,2009,9.205123286
Poland,2,2010,10.64402414
Poland,2,2011,12.8076653
Poland,2,2012,13.10710751
Poland,2,2013,13.15644852
Poland,2,2014,16.37465787
Poland,2,2015,17.90986233
Poland,2,2016,18.27288879
Poland,2,2017,17.38316742
Qatar,2,2003,14.30287893
Qatar,2,2004,8.900465269
Qatar,2,2005,6.598421838
Qatar,2,2006,6.146985694
Qatar,2,2007,4.719088211
Qatar,2,2008,6.903538202
Qatar,2,2009,8.692057759
Qatar,2,2010,8.293787483
Qatar,2,2011,7.272264425
Qatar,2,2012,6.484601098
Qatar,2,2013,8.731673291
Qatar,2,2014,9.798898125
Qatar,2,2015,11.16268817
Qatar,2,2016,12.94777127
Qatar,2,2017,15.35820751
Republic of Korea,2,1999,9.932898413
Republic of Korea,2,2000,10.25011216
Republic of Korea,2,2001,12.30307861
Republic of Korea,2,2002,16.12743418
Republic of Korea,2,2003,21.92892012
Republic of Korea,2,2004,28.88511235
Republic of Korea,2,2005,35.3965972
Republic of Korea,2,2006,43.53395831
Republic of Korea,2,2007,55.61000147
Republic of Korea,2,2008,69.22247677
Republic of Korea,2,2009,80.50020443
Republic of Korea,2,2010,89.74396586
Republic of Korea,2,2011,98.45100757
Republic of Korea,2,2012,103.8622879
Republic of Korea,2,2013,94.51017637
Republic of Korea,2,2014,73.30920693
Republic of Korea,2,2015,60.84836002
Republic of Korea,2,2016,56.20651197
Republic of Korea,2,2017,59.33436624
Slovenia,2,1983,1.676101202
Slovenia,2,1984,1.932470885
Slovenia,2,1985,2.143030063
Slovenia,2,1986,2.319742836
Slovenia,2,1987,2.476505627
Slovenia,2,1988,2.560624699
Slovenia,2,1989,2.634672322
Slovenia,2,1990,2.840463701
Slovenia,2,1991,3.061973009
Slovenia,2,1992,3.241062114
Slovenia,2,1993,3.424037385
Slovenia,2,1994,3.553671091
Slovenia,2,1995,3.741816454
Slovenia,2,1996,3.932936245
Slovenia,2,1997,4.09489143
Slovenia,2,1998,4.297939705
Slovenia,2,1999,4.571356631
Slovenia,2,2000,4.93756466
Slovenia,2,2001,5.497835955
Slovenia,2,2002,6.106077635
Slovenia,2,2003,6.81975921
Slovenia,2,2004,7.58871274
Slovenia,2,2005,8.299226563
Slovenia,2,2006,8.701770816
Slovenia,2,2007,8.935157049
Slovenia,2,2008,8.754244777
Slovenia,2,2009,8.505207271
Slovenia,2,2010,8.343699054
Slovenia,2,2011,8.270592886
Slovenia,2,2012,8.528434455
Slovenia,2,2013,8.920049998
Slovenia,2,2014,9.415099697
Slovenia,2,2015,10.04411395
Slovenia,2,2016,10.81037749
Slovenia,2,2017,11.70782176
Spain,2,2003,7.063824449
Spain,2,2004,6.889261477
Spain,2,2005,6.989481147
Spain,2,2006,7.433188452
Spain,2,2007,8.849223676
Spain,2,2008,9.851658081
Spain,2,2009,10.21186291
Spain,2,2010,10.42856165
Spain,2,2011,10.98122582
Spain,2,2012,11.397333
Spain,2,2013,12.11929482
Spain,2,2014,11.81559355
Spain,2,2015,11.3465083
Spain,2,2016,11.43831983
Spain,2,2017,11.9943041
Switzerland,2,1998,4.518173553
Switzerland,2,1999,4.789824506
Switzerland,2,2000,5.176168832
Switzerland,2,2001,5.688854811
Switzerland,2,2002,6.300735545
Switzerland,2,2003,6.896958105
Switzerland,2,2004,7.069264022
Switzerland,2,2005,6.791729227
Switzerland,2,2006,6.944534029
Switzerland,2,2007,7.840427794
Switzerland,2,2008,9.077369854
Switzerland,2,2009,10.09886246
Switzerland,2,2010,11.07780159
Switzerland,2,2011,12.05398497
Switzerland,2,2012,12.9118758
Switzerland,2,2013,13.12786148
Switzerland,2,2014,12.46760404
Switzerland,2,2015,11.98037475
Switzerland,2,2016,11.5720327
Switzerland,2,2017,11.24910575
Thailand,2,1993,3.754311847
Thailand,2,1994,3.457571043
Thailand,2,1995,3.312753554
Thailand,2,1996,3.330090853
Thailand,2,1997,3.549237948
Thailand,2,1998,3.912475227
Thailand,2,1999,4.552071515
Thailand,2,2000,5.088461496
Thailand,2,2001,5.437279634
Thailand,2,2002,5.230538916
Thailand,2,2003,4.842134191
Thailand,2,2004,4.414259801
Thailand,2,2005,4.132372184
Thailand,2,2006,4.095033176
Thailand,2,2007,4.151552282
Thailand,2,2008,4.170032894
Thailand,2,2009,4.22030582
Thailand,2,2010,4.377678992
Thailand,2,2011,4.826598445
Thailand,2,2012,5.32540117
Thailand,2,2013,5.832621342
Thailand,2,2014,6.260723504
Thailand,2,2015,6.448995167
Thailand,2,2016,6.46345891
Thailand,2,2017,6.274912891
The Netherlands,2,1989,2.423278813
The Netherlands,2,1990,2.321175598
The Netherlands,2,1991,2.250315616
The Netherlands,2,1992,2.206327859
The Netherlands,2,1993,2.202978185
The Netherlands,2,1994,2.222591599
The Netherlands,2,1995,2.234193228
The Netherlands,2,1996,2.254224152
The Netherlands,2,1997,2.304557545
The Netherlands,2,1998,2.352328655
The Netherlands,2,1999,2.352779334
The Netherlands,2,2000,2.364866341
The Netherlands,2,2001,2.439905852
The Netherlands,2,2002,2.527075584
The Netherlands,2,2003,2.609672201
The Netherlands,2,2004,2.669997178
The Netherlands,2,2005,2.742433483
The Netherlands,2,2006,2.881587738
The Netherlands,2,2007,3.050931915
The Netherlands,2,2008,3.227360042
The Netherlands,2,2009,3.407363038
The Netherlands,2,2010,3.555335899
The Netherlands,2,2011,3.791365204
The Netherlands,2,2012,4.029352526
The Netherlands,2,2013,4.211515475
The Netherlands,2,2014,4.34884647
The Netherlands,2,2015,4.436142338
The Netherlands,2,2016,4.477706884
The Netherlands,2,2017,4.465232
Türkiye,2,1998,4.788134334
Türkiye,2,1999,4.651640645
Türkiye,2,2000,4.712128705
Türkiye,2,2001,4.995182682
Türkiye,2,2002,5.506835287
Türkiye,2,2003,6.913972468
Türkiye,2,2004,9.330393014
Türkiye,2,2005,12.32809775
Türkiye,2,2006,15.05436576
Türkiye,2,2007,17.19332663
Türkiye,2,2008,18.41273793
Türkiye,2,2009,18.71064031
Türkiye,2,2010,19.24990727
Türkiye,2,2011,20.50274313
Türkiye,2,2012,22.16602661
Türkiye,2,2013,23.54415705
Türkiye,2,2014,24.04564394
Türkiye,2,2015,24.7251563
Türkiye,2,2016,25.74337661
Türkiye,2,2017,27.07944195
Uganda,2,1993,2.912460821
Uganda,2,1994,3.772941891
Uganda,2,1995,4.320116327
Uganda,2,1996,4.509581763
Uganda,2,1997,4.192590997
Uganda,2,1998,3.498894844
Uganda,2,1999,2.047062019
Uganda,2,2000,1.289092411
Uganda,2,2001,0.907503256
Uganda,2,2002,1.434368842
Uganda,2,2003,2.047030085
Uganda,2,2004,2.717531636
Uganda,2,2005,3.172549773
Uganda,2,2006,3.137692097
Uganda,2,2007,2.949915472
Uganda,2,2008,2.665869647
Uganda,2,2009,2.193652436
Uganda,2,2010,1.843155766
Uganda,2,2011,2.191159795
Uganda,2,2012,2.497510245
Uganda,2,2013,2.715114398
Uganda,2,2014,2.575105132
Uganda,2,2015,2.370325493
Uganda,2,2016,2.041321898
Uganda,2,2017,1.58891074
UK,2,2003,2.873910145
UK,2,2004,3.064927309
UK,2,2005,3.289996196
UK,2,2006,3.563567682
UK,2,2007,3.78445996
UK,2,2008,3.941774797
UK,2,2009,4.264005044
UK,2,2010,4.582567445
UK,2,2011,4.849905891
UK,2,2012,5.216851306
UK,2,2013,5.608653629
UK,2,2014,5.806102924
UK,2,2015,5.993681109
UK,2,2016,6.222513654
UK,2,2017,6.453775198
USA,2,1980,5.031685405
USA,2,1981,5.218481841
USA,2,1982,5.392692847
USA,2,1983,5.551568866
USA,2,1984,5.699106991
USA,2,1985,5.838337488
USA,2,1986,5.966937801
USA,2,1987,6.084779546
USA,2,1988,6.154613383
USA,2,1989,6.223191781
USA,2,1990,6.336840074
USA,2,1991,6.475887541
USA,2,1992,6.667214427
USA,2,1993,6.916903044
USA,2,1994,7.194305919
USA,2,1995,7.499149669
USA,2,1996,7.839397347
USA,2,1997,8.159742817
USA,2,1998,8.532714813
USA,2,1999,9.034783492
USA,2,2000,9.610673967
USA,2,2001,10.2386612
USA,2,2002,10.92998285
USA,2,2003,11.67468068
USA,2,2004,12.47453067
USA,2,2005,13.33100523
USA,2,2006,14.19013021
USA,2,2007,15.15517343
USA,2,2008,16.07863876
USA,2,2009,16.8499763
USA,2,2010,17.55670291
USA,2,2011,18.06579861
USA,2,2012,18.36227248
USA,2,2013,18.4708659
USA,2,2014,18.36800533
USA,2,2015,18.0744421
USA,2,2016,17.58525646
USA,2,2017,16.90199875
