country,sex,year,ASMRsmooth
Argentina,1,1997,0.240925523
Argentina,1,1998,0.262526692
Argentina,1,1999,0.278089506
Argentina,1,2000,0.288293109
Argentina,1,2001,0.290853946
Argentina,1,2002,0.288541698
Argentina,1,2003,0.282421629
Argentina,1,2004,0.2826583
Argentina,1,2005,0.284123468
Argentina,1,2006,0.291062507
Argentina,1,2007,0.281054006
Argentina,1,2008,0.268293342
Argentina,1,2009,0.255704674
Argentina,1,2010,0.248093831
Argentina,1,2011,0.244742352
Argentina,1,2012,0.247647265
Argentina,1,2013,0.260965693
Argentina,1,2014,0.278912338
Argentina,1,2015,0.304374635
Argentina,1,2016,0.327798774
Argentina,1,2017,0.343280079
Argentina,1,2018,0.336229829
Argentina,1,2019,0.324596103
Argentina,1,2020,0.304830398
Argentina,1,2021,0.278578839
Australia,1,1980,0.220629507
Australia,1,1981,0.22898948
Australia,1,1982,0.236105178
Australia,1,1983,0.241609757
Australia,1,1984,0.246144175
Australia,1,1985,0.250562553
Australia,1,1986,0.254937658
Australia,1,1987,0.258985727
Australia,1,1988,0.263026088
Australia,1,1989,0.275009719
Australia,1,1990,0.284656338
Australia,1,1991,0.27859948
Australia,1,1992,0.266901585
Australia,1,1993,0.257678462
Australia,1,1994,0.244774436
Australia,1,1995,0.232483824
Australia,1,1996,0.233610441
Australia,1,1997,0.240659015
Australia,1,1998,0.246971712
Australia,1,1999,0.254260377
Australia,1,2000,0.261547112
Australia,1,2001,0.262911794
Australia,1,2002,0.261512631
Australia,1,2003,0.26027466
Australia,1,2004,0.259086715
Australia,1,2006,0.254043163
Australia,1,2007,0.252431449
Australia,1,2008,0.250847244
Australia,1,2009,0.249124582
Australia,1,2010,0.249566231
Australia,1,2011,0.254619838
Australia,1,2012,0.261706931
Australia,1,2013,0.27251548
Australia,1,2014,0.286587248
Australia,1,2015,0.295466502
Australia,1,2016,0.296164041
Australia,1,2017,0.294205397
Australia,1,2018,0.291129278
Australia,1,2019,0.285650521
Australia,1,2020,0.277849696
Australia,1,2021,0.267707673
Australia,1,2022,0.255168632
Austria,1,1980,0.906763548
Austria,1,1981,0.861851694
Austria,1,1982,0.818372658
Austria,1,1983,0.775508932
Austria,1,1984,0.734307411
Austria,1,1985,0.696495745
Austria,1,1986,0.655457923
Austria,1,1987,0.612649588
Austria,1,1988,0.581905866
Austria,1,1989,0.565282083
Austria,1,1990,0.560344271
Austria,1,1991,0.583070808
Austria,1,1992,0.625173836
Austria,1,1993,0.657355181
Austria,1,1994,0.690321391
Austria,1,1995,0.714588
Austria,1,1996,0.701063944
Austria,1,1997,0.670420214
Austria,1,1998,0.637715205
Austria,1,1999,0.586857269
Austria,1,2000,0.53358819
Austria,1,2001,0.504246517
Austria,1,2002,0.481360792
Austria,1,2003,0.462024549
Austria,1,2004,0.446971435
Austria,1,2005,0.435502672
Austria,1,2006,0.42256316
Austria,1,2007,0.406907605
Austria,1,2008,0.391177873
Austria,1,2009,0.376149607
Austria,1,2010,0.360247934
Austria,1,2011,0.346289599
Austria,1,2012,0.333417587
Austria,1,2013,0.321241613
Austria,1,2014,0.317824836
Austria,1,2015,0.33083683
Austria,1,2016,0.34571548
Austria,1,2017,0.354430235
Austria,1,2018,0.364717406
Austria,1,2019,0.374942901
Austria,1,2020,0.384077848
Austria,1,2021,0.392890476
Bahrain,1,1997,0.554246917
Bahrain,1,1999,0.781860829
Bahrain,1,2008,0.603136309
Bahrain,1,2009,0.497636228
Bahrain,1,2010,0.172823504
Bahrain,1,2012,0.457665904
Canada,1,1980,0.286238077
Canada,1,1981,0.283272693
Canada,1,1982,0.279299323
Canada,1,1983,0.273747035
Canada,1,1984,0.267363169
Canada,1,1985,0.261295729
Canada,1,1986,0.254107978
Canada,1,1987,0.245787221
Canada,1,1988,0.239617518
Canada,1,1989,0.239186776
Canada,1,1990,0.23983784
Canada,1,1991,0.238978859
Canada,1,1992,0.239298774
Canada,1,1993,0.239635247
Canada,1,1994,0.237178203
Canada,1,1995,0.234527452
Canada,1,1996,0.235411795
Canada,1,1997,0.237670474
Canada,1,1998,0.23942164
Canada,1,1999,0.240346297
Canada,1,2000,0.241916038
Canada,1,2001,0.24377776
Canada,1,2002,0.245199284
Canada,1,2003,0.246416032
Canada,1,2004,0.248860528
Canada,1,2005,0.252286364
Canada,1,2006,0.254410559
Canada,1,2007,0.252005661
Canada,1,2008,0.247294989
Canada,1,2009,0.246171719
Canada,1,2010,0.251859012
Canada,1,2011,0.258954694
Canada,1,2012,0.267125376
Canada,1,2013,0.277567483
Canada,1,2014,0.285530925
Canada,1,2015,0.289200738
Canada,1,2016,0.291994887
Canada,1,2017,0.294819121
Canada,1,2018,0.29674667
Canada,1,2019,0.298128053
Canada,1,2020,0.299194578
Canada,1,2021,0.299781629
Chile,1,1997,0.331104845
Chile,1,1998,0.328863422
Chile,1,1999,0.332938127
Chile,1,2000,0.339632804
Chile,1,2001,0.353891561
Chile,1,2002,0.363809803
Chile,1,2003,0.348760902
Chile,1,2004,0.333550531
Chile,1,2005,0.317126608
Chile,1,2006,0.305381758
Chile,1,2007,0.308273984
Chile,1,2008,0.314574255
Chile,1,2009,0.304748937
Chile,1,2010,0.300076704
Chile,1,2011,0.300181205
Chile,1,2012,0.309179411
Chile,1,2013,0.311927
Chile,1,2014,0.315320202
Chile,1,2015,0.320487359
Chile,1,2016,0.328823671
Chile,1,2017,0.336996512
Chile,1,2018,0.344131148
Chile,1,2019,0.341628742
Chile,1,2020,0.331986636
Chile,1,2021,0.312532853
Colombia,1,1997,0.349386254
Colombia,1,1998,0.389075633
Colombia,1,1999,0.411833006
Colombia,1,2000,0.420805791
Colombia,1,2001,0.407483057
Colombia,1,2002,0.388050508
Colombia,1,2003,0.383910786
Colombia,1,2004,0.380527674
Colombia,1,2005,0.379092782
Colombia,1,2006,0.387680429
Colombia,1,2007,0.381776965
Colombia,1,2008,0.373478244
Colombia,1,2009,0.364670119
Colombia,1,2010,0.365517894
Colombia,1,2011,0.373600629
Colombia,1,2012,0.401659809
Colombia,1,2013,0.419294574
Colombia,1,2014,0.433004086
Colombia,1,2015,0.433439754
Colombia,1,2016,0.424682801
Colombia,1,2017,0.418789966
Colombia,1,2018,0.429693255
Colombia,1,2019,0.454105689
Colombia,1,2020,0.490743233
Colombia,1,2021,0.540801325
Costa Rica,1,1998,0.184303755
Costa Rica,1,1999,0.132554064
Costa Rica,1,2000,0.12762612
Costa Rica,1,2001,0.170897693
Costa Rica,1,2002,0.267009643
Costa Rica,1,2003,0.400141253
Costa Rica,1,2004,0.457390186
Costa Rica,1,2005,0.386418474
Costa Rica,1,2006,0.26711627
Costa Rica,1,2007,0.235415252
Costa Rica,1,2008,0.24429517
Costa Rica,1,2009,0.243793139
Costa Rica,1,2010,0.233594618
Costa Rica,1,2011,0.195112719
Costa Rica,1,2012,0.226205292
Costa Rica,1,2013,0.258619687
Costa Rica,1,2014,0.265581093
Costa Rica,1,2015,0.252314959
Costa Rica,1,2016,0.203843072
Costa Rica,1,2017,0.261186995
Costa Rica,1,2018,0.314862559
Costa Rica,1,2019,0.376907768
Costa Rica,1,2020,0.445038265
Croatia,1,1985,0.497097436
Croatia,1,1986,0.464227633
Croatia,1,1987,0.431798233
Croatia,1,1988,0.401878915
Croatia,1,1989,0.376681179
Croatia,1,1990,0.353013749
Croatia,1,1991,0.334047302
Croatia,1,1992,0.323783177
Croatia,1,1993,0.322707253
Croatia,1,1994,0.349706897
Croatia,1,1995,0.38411862
Croatia,1,1996,0.418262462
Croatia,1,1997,0.446637201
Croatia,1,1998,0.465268173
Croatia,1,1999,0.447159318
Croatia,1,2000,0.421387051
Croatia,1,2001,0.402632215
Croatia,1,2002,0.382301206
Croatia,1,2003,0.352201173
Croatia,1,2004,0.32325122
Croatia,1,2005,0.311617823
Croatia,1,2006,0.315623998
Croatia,1,2007,0.323918368
Croatia,1,2008,0.330105624
Croatia,1,2009,0.336266141
Croatia,1,2010,0.339763106
Croatia,1,2011,0.341873522
Croatia,1,2012,0.333669077
Croatia,1,2013,0.324461686
Croatia,1,2014,0.317290412
Croatia,1,2015,0.311824811
Croatia,1,2016,0.313999157
Croatia,1,2017,0.331044928
Croatia,1,2019,0.393063217
Croatia,1,2020,0.440860975
Croatia,1,2021,0.499140335
Cyprus,1,2004,0.264464449
Cyprus,1,2005,0.248104473
Cyprus,1,2007,0.270366581
Cyprus,1,2008,0.461815931
Cyprus,1,2009,0.357746773
Cyprus,1,2010,0.145436984
Cyprus,1,2011,0.318757881
Cyprus,1,2012,0.619366316
Cyprus,1,2013,0.515985521
Cyprus,1,2014,0.302177112
Cyprus,1,2015,0.222264272
Cyprus,1,2016,0.434903405
Cyprus,1,2017,0.503518912
Cyprus,1,2018,0.310481877
Cyprus,1,2019,0.252511253
Cyprus,1,2020,0.340660796
Cyprus,1,2021,0.372083459
Czech Republic,1,1986,0.430289182
Czech Republic,1,1987,0.45343603
Czech Republic,1,1988,0.467352681
Czech Republic,1,1989,0.473184847
Czech Republic,1,1990,0.473775263
Czech Republic,1,1991,0.461692881
Czech Republic,1,1992,0.446254087
Czech Republic,1,1993,0.441975662
Czech Republic,1,1994,0.441075572
Czech Republic,1,1995,0.452931742
Czech Republic,1,1996,0.464758802
Czech Republic,1,1997,0.46835251
Czech Republic,1,1998,0.465194326
Czech Republic,1,1999,0.456841798
Czech Republic,1,2000,0.432816205
Czech Republic,1,2001,0.405635572
Czech Republic,1,2002,0.389710487
Czech Republic,1,2003,0.374444242
Czech Republic,1,2004,0.352313679
Czech Republic,1,2005,0.331407174
Czech Republic,1,2006,0.313498182
Czech Republic,1,2007,0.303605227
Czech Republic,1,2008,0.299177435
Czech Republic,1,2009,0.311831853
Czech Republic,1,2010,0.324932226
Czech Republic,1,2011,0.328286404
Czech Republic,1,2012,0.327623148
Czech Republic,1,2013,0.311030302
Czech Republic,1,2014,0.291369543
Czech Republic,1,2015,0.266216935
Czech Republic,1,2016,0.247291323
Czech Republic,1,2017,0.240019365
Czech Republic,1,2018,0.255414515
Czech Republic,1,2019,0.285066382
Czech Republic,1,2020,0.332511885
Czech Republic,1,2021,0.395777782
Denmark,1,1980,0.527241535
Denmark,1,1981,0.528723392
Denmark,1,1982,0.52516989
Denmark,1,1983,0.51602442
Denmark,1,1984,0.501953382
Denmark,1,1985,0.484078016
Denmark,1,1986,0.457574442
Denmark,1,1987,0.423556666
Denmark,1,1988,0.392052763
Denmark,1,1989,0.362830526
Denmark,1,1990,0.336067977
Denmark,1,1991,0.313936028
Denmark,1,1992,0.294659011
Denmark,1,1993,0.282960475
Denmark,1,1994,0.285008419
Denmark,1,1995,0.291617914
Denmark,1,1996,0.300977737
Denmark,1,1997,0.315888307
Denmark,1,1998,0.324961241
Denmark,1,1999,0.328169205
Denmark,1,2000,0.327946905
Denmark,1,2001,0.31460171
Denmark,1,2002,0.293242384
Denmark,1,2003,0.278375692
Denmark,1,2004,0.275846658
Denmark,1,2005,0.274800361
Denmark,1,2006,0.27438359
Denmark,1,2007,0.276793334
Denmark,1,2008,0.276061756
Denmark,1,2009,0.270911164
Denmark,1,2010,0.264280058
Denmark,1,2011,0.252313361
Denmark,1,2012,0.236628149
Denmark,1,2013,0.225789102
Denmark,1,2014,0.222560787
Denmark,1,2015,0.221149182
Denmark,1,2016,0.220381289
Denmark,1,2017,0.221619176
Denmark,1,2018,0.224392245
Denmark,1,2019,0.228324199
Denmark,1,2020,0.233627728
Ecuador,1,1997,0.40265453
Ecuador,1,1998,0.338046419
Ecuador,1,1999,0.306956381
Ecuador,1,2000,0.308031237
Ecuador,1,2001,0.358720297
Ecuador,1,2002,0.425980424
Ecuador,1,2003,0.504706739
Ecuador,1,2004,0.524036025
Ecuador,1,2005,0.521735305
Ecuador,1,2006,0.475822254
Ecuador,1,2007,0.466896903
Ecuador,1,2008,0.460807442
Ecuador,1,2009,0.460957355
Ecuador,1,2010,0.429141947
Ecuador,1,2011,0.396079918
Ecuador,1,2012,0.380816434
Ecuador,1,2013,0.388960624
Ecuador,1,2014,0.411536345
Ecuador,1,2015,0.448198582
Ecuador,1,2016,0.468244645
Ecuador,1,2017,0.492998712
Ecuador,1,2018,0.534481415
Ecuador,1,2019,0.575552504
Ecuador,1,2020,0.620550884
Ecuador,1,2021,0.670324784
Estonia,1,1994,0.366430517
Estonia,1,1995,0.438760645
Estonia,1,1996,0.503185403
Estonia,1,1997,0.559843798
Estonia,1,1998,0.640228411
Estonia,1,1999,0.510204988
Estonia,1,2000,0.396058453
Estonia,1,2001,0.351342301
Estonia,1,2002,0.428722379
Estonia,1,2003,0.58381097
Estonia,1,2004,0.652109714
Estonia,1,2005,0.570059673
Estonia,1,2006,0.463055651
Estonia,1,2007,0.475120685
Estonia,1,2008,0.52297233
Estonia,1,2009,0.503536066
Estonia,1,2010,0.416432587
Estonia,1,2011,0.371416219
Estonia,1,2012,0.373583215
Estonia,1,2013,0.367484321
Estonia,1,2014,0.348460639
Estonia,1,2015,0.332641571
Estonia,1,2016,0.312317243
France,1,1980,0.41805629
France,1,1981,0.415834974
France,1,1982,0.413953147
France,1,1983,0.412392469
France,1,1984,0.411191065
France,1,1985,0.410296888
France,1,1986,0.409788751
France,1,1987,0.411441061
France,1,1988,0.414552982
France,1,1989,0.415477534
France,1,1990,0.40947766
France,1,1991,0.399980333
France,1,1992,0.382706288
France,1,1993,0.361107582
France,1,1994,0.339847542
France,1,1995,0.326264821
France,1,1996,0.315348378
France,1,1997,0.313158095
France,1,1998,0.312250367
France,1,1999,0.306730979
France,1,2000,0.30120987
France,1,2001,0.292464548
France,1,2002,0.283921908
France,1,2003,0.276183453
France,1,2004,0.276320924
France,1,2005,0.277343685
France,1,2006,0.274911969
France,1,2007,0.272082025
France,1,2008,0.266707659
France,1,2009,0.261206507
France,1,2010,0.255586567
France,1,2011,0.252961965
France,1,2012,0.250765704
France,1,2013,0.248842449
France,1,2014,0.247328563
France,1,2017,0.244621574
France,1,2018,0.244325072
Germany,1,1990,0.523115054
Germany,1,1991,0.534734008
Germany,1,1992,0.54030404
Germany,1,1993,0.540840739
Germany,1,1994,0.53321663
Germany,1,1995,0.521517643
Germany,1,1996,0.51390993
Germany,1,1997,0.505009716
Germany,1,1998,0.491136837
Germany,1,1999,0.473610465
Germany,1,2000,0.451197419
Germany,1,2001,0.425971973
Germany,1,2002,0.392552514
Germany,1,2003,0.360602497
Germany,1,2004,0.342308942
Germany,1,2005,0.329243324
Germany,1,2006,0.319457887
Germany,1,2007,0.314358875
Germany,1,2008,0.317466206
Germany,1,2009,0.323392572
Germany,1,2010,0.330931995
Germany,1,2011,0.337892602
Germany,1,2012,0.340870221
Germany,1,2013,0.339381791
Germany,1,2014,0.322614158
Germany,1,2015,0.304031082
Germany,1,2016,0.294509281
Germany,1,2017,0.287645322
Germany,1,2018,0.283517832
Germany,1,2019,0.282349525
Germany,1,2020,0.284863355
Iceland,1,1980,1.242394172
Iceland,1,1981,1.262330004
Iceland,1,1982,1.256947448
Iceland,1,1983,1.216748197
Iceland,1,1984,1.163746421
Iceland,1,1985,1.095759056
Iceland,1,1986,1.004589903
Iceland,1,1987,0.914974409
Iceland,1,1988,0.794476095
Iceland,1,1989,0.677416764
Iceland,1,1990,0.662998756
Iceland,1,1991,0.715704928
Iceland,1,1992,0.75832894
Iceland,1,1993,0.726991327
Iceland,1,1994,0.685306831
Iceland,1,1995,0.686881562
Iceland,1,1997,0.727251813
Iceland,1,1998,0.749177155
Iceland,1,1999,0.774753617
Iceland,1,2000,0.790591841
Iceland,1,2001,0.777766293
Iceland,1,2002,0.752642375
Iceland,1,2004,0.73135252
Iceland,1,2005,0.781606685
Iceland,1,2006,0.832333222
Iceland,1,2007,0.838705993
Iceland,1,2008,0.832419701
Iceland,1,2009,0.824614683
Iceland,1,2010,0.834552738
Iceland,1,2011,0.842538268
Iceland,1,2012,0.823109667
Iceland,1,2013,0.789883657
Iceland,1,2014,0.754181978
Iceland,1,2015,0.720170911
Iceland,1,2016,0.676170178
Iceland,1,2017,0.619777295
Iceland,1,2018,0.555145973
Iceland,1,2019,0.479662391
Iceland,1,2020,0.391620305
Iceland,1,2021,0.292319719
Ireland,1,1980,0.461329109
Ireland,1,1981,0.435253948
Ireland,1,1982,0.416982889
Ireland,1,1983,0.407922444
Ireland,1,1984,0.404656532
Ireland,1,1985,0.412428816
Ireland,1,1986,0.431546922
Ireland,1,1987,0.449116512
Ireland,1,1988,0.465141756
Ireland,1,1989,0.471713462
Ireland,1,1990,0.456766765
Ireland,1,1991,0.432174981
Ireland,1,1992,0.409080995
Ireland,1,1993,0.383940527
Ireland,1,1994,0.354820008
Ireland,1,1995,0.320869881
Ireland,1,1996,0.283839163
Ireland,1,1997,0.261184669
Ireland,1,1998,0.257677663
Ireland,1,1999,0.262141238
Ireland,1,2000,0.281947719
Ireland,1,2001,0.313791578
Ireland,1,2002,0.33519059
Ireland,1,2003,0.339052441
Ireland,1,2004,0.337421013
Ireland,1,2005,0.325947564
Ireland,1,2006,0.305822127
Ireland,1,2007,0.291574935
Ireland,1,2008,0.284725721
Ireland,1,2009,0.281364134
Ireland,1,2011,0.30706507
Ireland,1,2012,0.32424597
Ireland,1,2013,0.331709939
Ireland,1,2015,0.32397938
Ireland,1,2016,0.310011131
Ireland,1,2017,0.288610444
Ireland,1,2018,0.260285488
Ireland,1,2019,0.222985725
Ireland,1,2020,0.177829409
Israel,1,1980,0.466099022
Israel,1,1981,0.523856788
Israel,1,1982,0.567073541
Israel,1,1983,0.593322449
Israel,1,1984,0.604510521
Israel,1,1985,0.60486501
Israel,1,1986,0.583484597
Israel,1,1987,0.543519935
Israel,1,1988,0.510276235
Israel,1,1989,0.476976066
Israel,1,1990,0.449069034
Israel,1,1991,0.451377675
Israel,1,1992,0.468133353
Israel,1,1993,0.482095085
Israel,1,1994,0.502059462
Israel,1,1995,0.520371622
Israel,1,1996,0.514574347
Israel,1,1997,0.497716884
Israel,1,1998,0.481140761
Israel,1,1999,0.456724847
Israel,1,2000,0.436016417
Israel,1,2001,0.441231025
Israel,1,2002,0.455510794
Israel,1,2003,0.461089709
Israel,1,2004,0.452225569
Israel,1,2005,0.440122604
Israel,1,2006,0.432434442
Israel,1,2007,0.42596497
Israel,1,2008,0.417557865
Israel,1,2009,0.414926444
Israel,1,2010,0.431610658
Israel,1,2011,0.450106813
Israel,1,2012,0.460805462
Israel,1,2013,0.472891019
Israel,1,2014,0.475702134
Israel,1,2015,0.465648847
Israel,1,2016,0.45031881
Israel,1,2017,0.431156287
Israel,1,2018,0.406571084
Israel,1,2019,0.378116582
Israel,1,2020,0.346531159
Israel,1,2021,0.310918639
Italy,1,1980,0.484886601
Italy,1,1981,0.494612879
Italy,1,1982,0.502513671
Italy,1,1983,0.508552034
Italy,1,1984,0.512696785
Italy,1,1985,0.514978519
Italy,1,1986,0.5158359
Italy,1,1987,0.515221094
Italy,1,1988,0.512434948
Italy,1,1989,0.50749606
Italy,1,1990,0.500067457
Italy,1,1991,0.487322833
Italy,1,1992,0.471086894
Italy,1,1993,0.457103663
Italy,1,1994,0.445777542
Italy,1,1995,0.435168799
Italy,1,1996,0.427149232
Italy,1,1997,0.420668144
Italy,1,1998,0.413569611
Italy,1,1999,0.40825174
Italy,1,2000,0.402095895
Italy,1,2001,0.388169542
Italy,1,2002,0.370380584
Italy,1,2003,0.355308651
Italy,1,2004,0.341437877
Italy,1,2005,0.330227756
Italy,1,2006,0.327844871
Italy,1,2007,0.329997771
Italy,1,2008,0.332042066
Italy,1,2009,0.339897272
Italy,1,2010,0.346953906
Italy,1,2011,0.343015122
Italy,1,2012,0.335091772
Italy,1,2013,0.325557519
Italy,1,2014,0.31229046
Italy,1,2015,0.299664187
Italy,1,2016,0.291235261
Italy,1,2017,0.283402072
Italy,1,2018,0.27754427
Italy,1,2019,0.274463394
Italy,1,2020,0.273433092
Japan,1,1980,0.334361116
Japan,1,1981,0.332092031
Japan,1,1982,0.330670093
Japan,1,1983,0.330438115
Japan,1,1984,0.330964117
Japan,1,1985,0.331558326
Japan,1,1986,0.333735874
Japan,1,1987,0.337219766
Japan,1,1988,0.338632038
Japan,1,1989,0.333573562
Japan,1,1990,0.327979144
Japan,1,1991,0.325424294
Japan,1,1992,0.322830237
Japan,1,1993,0.322338482
Japan,1,1994,0.327089365
Japan,1,1995,0.332456048
Japan,1,1996,0.336760491
Japan,1,1997,0.341985216
Japan,1,1998,0.344111817
Japan,1,1999,0.339638426
Japan,1,2000,0.333493335
Japan,1,2001,0.327715057
Japan,1,2002,0.320704621
Japan,1,2003,0.315632641
Japan,1,2004,0.313507172
Japan,1,2005,0.31262448
Japan,1,2006,0.312087491
Japan,1,2007,0.312905127
Japan,1,2008,0.314805716
Japan,1,2009,0.314971302
Japan,1,2010,0.312570954
Japan,1,2011,0.309163726
Japan,1,2012,0.304168478
Japan,1,2013,0.297782561
Japan,1,2014,0.291940724
Japan,1,2015,0.286033268
Japan,1,2016,0.281107257
Japan,1,2017,0.278501028
Japan,1,2018,0.276890431
Japan,1,2019,0.276701632
Japan,1,2020,0.278185306
Japan,1,2021,0.281118101
Kuwait,1,1993,0.079083714
Kuwait,1,1994,0.173854667
Kuwait,1,1995,0.261288569
Kuwait,1,1997,0.4036733
Kuwait,1,1999,0.500120265
Kuwait,1,2001,0.454913365
Kuwait,1,2002,0.415040182
Kuwait,1,2007,0.618297152
Kuwait,1,2008,0.560290171
Kuwait,1,2009,0.471775542
Kuwait,1,2010,0.33736687
Kuwait,1,2011,0.254462813
Kuwait,1,2012,0.32734133
Kuwait,1,2013,0.433930788
Kuwait,1,2014,0.478848549
Kuwait,1,2015,0.433137983
Kuwait,1,2016,0.398510923
Kuwait,1,2017,0.347368514
Kuwait,1,2018,0.25018738
Kuwait,1,2019,0.117326385
Latvia,1,1996,0.584830512
Latvia,1,1997,0.50308286
Latvia,1,1998,0.445630344
Latvia,1,1999,0.417428424
Latvia,1,2000,0.441392218
Latvia,1,2001,0.492858658
Latvia,1,2002,0.557139092
Latvia,1,2003,0.613022338
Latvia,1,2004,0.662863484
Latvia,1,2005,0.680946861
Latvia,1,2006,0.612330293
Latvia,1,2007,0.532425826
Latvia,1,2008,0.487597306
Latvia,1,2009,0.487056399
Latvia,1,2010,0.50525064
Latvia,1,2011,0.575694929
Latvia,1,2012,0.62633261
Latvia,1,2013,0.541451457
Latvia,1,2014,0.431213281
Latvia,1,2015,0.344809807
Latvia,1,2016,0.316865498
Latvia,1,2017,0.305847211
Latvia,1,2018,0.287465011
Latvia,1,2019,0.307387976
Latvia,1,2020,0.351204898
Latvia,1,2021,0.419275845
Lithuania,1,1993,0.519913106
Lithuania,1,1994,0.567748723
Lithuania,1,1995,0.591946032
Lithuania,1,1996,0.599321944
Lithuania,1,1997,0.57461614
Lithuania,1,1998,0.538145486
Lithuania,1,1999,0.528637572
Lithuania,1,2000,0.52086779
Lithuania,1,2001,0.498504621
Lithuania,1,2002,0.473202777
Lithuania,1,2003,0.450597357
Lithuania,1,2004,0.42709183
Lithuania,1,2005,0.38463834
Lithuania,1,2006,0.348864371
Lithuania,1,2007,0.37082209
Lithuania,1,2008,0.369324151
Lithuania,1,2009,0.360130681
Lithuania,1,2010,0.317082615
Lithuania,1,2011,0.275989297
Lithuania,1,2012,0.255714536
Lithuania,1,2013,0.24366243
Lithuania,1,2014,0.264912078
Lithuania,1,2015,0.29504387
Lithuania,1,2016,0.314990036
Lithuania,1,2017,0.326972424
Lithuania,1,2018,0.317462747
Lithuania,1,2019,0.303020478
Lithuania,1,2020,0.29070636
Lithuania,1,2021,0.275429239
Lithuania,1,2022,0.25852574
Malta,1,1980,0.61144567
Malta,1,1981,0.356008049
Malta,1,1982,0.177442412
Malta,1,1983,0.069327092
Malta,1,1984,0.034668256
Malta,1,1985,0.068649133
Malta,1,1986,0.240498695
Malta,1,1987,0.419904669
Malta,1,1988,0.47952067
Malta,1,1989,0.502787401
Malta,1,1990,0.433024729
Malta,1,1991,0.360776385
Malta,1,1992,0.374625377
Malta,1,1993,0.416124696
Malta,1,1994,0.555384815
Malta,1,1995,0.696468677
Malta,1,1997,0.738708324
Malta,1,1998,0.716937631
Malta,1,2000,0.547988751
Malta,1,2001,0.484261195
Malta,1,2002,0.471253362
Malta,1,2003,0.48281646
Malta,1,2005,0.622685411
Malta,1,2006,0.654599981
Malta,1,2007,0.60483316
Malta,1,2010,0.347441491
Malta,1,2011,0.317937251
Malta,1,2012,0.305436511
Malta,1,2013,0.309361369
Malta,1,2015,0.366036358
Malta,1,2016,0.42092621
Malta,1,2017,0.492788687
New Zealand,1,1980,0.572391273
New Zealand,1,1981,0.47815255
New Zealand,1,1982,0.400346062
New Zealand,1,1983,0.337645551
New Zealand,1,1984,0.288557924
New Zealand,1,1985,0.25623568
New Zealand,1,1986,0.2369673
New Zealand,1,1987,0.222904341
New Zealand,1,1988,0.220485143
New Zealand,1,1989,0.23932359
New Zealand,1,1990,0.262334189
New Zealand,1,1991,0.295056005
New Zealand,1,1992,0.319332067
New Zealand,1,1993,0.337881708
New Zealand,1,1994,0.323618801
New Zealand,1,1995,0.302064909
New Zealand,1,1996,0.274889117
New Zealand,1,1997,0.248356393
New Zealand,1,1998,0.246074869
New Zealand,1,1999,0.251167568
New Zealand,1,2000,0.262365681
New Zealand,1,2001,0.273935875
New Zealand,1,2002,0.286192957
New Zealand,1,2003,0.297751684
New Zealand,1,2004,0.30715654
New Zealand,1,2005,0.309372591
New Zealand,1,2006,0.306434529
New Zealand,1,2007,0.285181609
New Zealand,1,2008,0.265672007
New Zealand,1,2009,0.260480432
New Zealand,1,2010,0.270519387
New Zealand,1,2011,0.284232218
New Zealand,1,2012,0.296974187
New Zealand,1,2013,0.3131253
New Zealand,1,2015,0.35353435
New Zealand,1,2016,0.377781417
Norway,1,1980,0.350364021
Norway,1,1981,0.364406503
Norway,1,1982,0.381611572
Norway,1,1983,0.401603509
Norway,1,1984,0.420554371
Norway,1,1985,0.444848037
Norway,1,1986,0.465315918
Norway,1,1987,0.473240281
Norway,1,1988,0.450188066
Norway,1,1989,0.421454381
Norway,1,1990,0.394672339
Norway,1,1991,0.367812179
Norway,1,1992,0.358191594
Norway,1,1993,0.355811852
Norway,1,1994,0.358614489
Norway,1,1995,0.368404998
Norway,1,1996,0.375812787
Norway,1,1997,0.360657942
Norway,1,1998,0.342286407
Norway,1,1999,0.335641684
Norway,1,2000,0.329075371
Norway,1,2001,0.307996203
Norway,1,2002,0.284510714
Norway,1,2003,0.266953156
Norway,1,2004,0.283971905
Norway,1,2005,0.305504253
Norway,1,2006,0.325219173
Norway,1,2007,0.33991621
Norway,1,2008,0.333416422
Norway,1,2009,0.319553885
Norway,1,2010,0.276843267
Norway,1,2011,0.256387687
Norway,1,2012,0.242797984
Norway,1,2013,0.240243015
Norway,1,2014,0.245497626
Norway,1,2015,0.262551945
Norway,1,2016,0.289445735
Philippines,1,1992,0.418781679
Philippines,1,1993,0.49136946
Philippines,1,1994,0.532817523
Philippines,1,1995,0.546751037
Philippines,1,1996,0.521451802
Philippines,1,1997,0.542568945
Philippines,1,1998,0.597395918
Philippines,1,1999,0.655501888
Philippines,1,2000,0.669404876
Philippines,1,2001,0.68151807
Philippines,1,2002,0.716618304
Philippines,1,2003,0.746068367
Philippines,1,2006,0.673477146
Philippines,1,2007,0.688809586
Philippines,1,2008,0.702831847
Philippines,1,2009,0.704093931
Philippines,1,2010,0.717388006
Philippines,1,2011,0.726067484
Philippines,1,2014,0.752382732
Philippines,1,2016,0.763882789
Philippines,1,2017,0.762397389
Philippines,1,2018,0.756525884
Philippines,1,2019,0.746791298
Poland,1,1999,0.334518722
Poland,1,2000,0.330799605
Poland,1,2001,0.326242219
Poland,1,2002,0.320779966
Poland,1,2003,0.311648306
Poland,1,2004,0.317700963
Poland,1,2005,0.317875161
Poland,1,2006,0.301940505
Poland,1,2007,0.29774778
Poland,1,2008,0.303553957
Poland,1,2009,0.288493291
Poland,1,2010,0.265583537
Poland,1,2011,0.250854574
Poland,1,2012,0.258146839
Poland,1,2013,0.274171421
Poland,1,2014,0.28736102
Poland,1,2015,0.296481251
Poland,1,2016,0.303862751
Poland,1,2017,0.286132265
Poland,1,2018,0.27482834
Poland,1,2019,0.264932587
Poland,1,2020,0.24967431
Poland,1,2021,0.232548461
Qatar,1,2001,1.546644253
Qatar,1,2005,0.168639752
Qatar,1,2007,0.816326531
Qatar,1,2009,0.094256037
Qatar,1,2012,0.507872016
Qatar,1,2013,1.029224776
Qatar,1,2016,0.043004279
Qatar,1,2019,0.086246299
Qatar,1,2022,0.016873318
Republic of Korea,1,1995,0.284163509
Republic of Korea,1,1996,0.302507498
Republic of Korea,1,1997,0.316642721
Republic of Korea,1,1998,0.330211935
Republic of Korea,1,1999,0.340318606
Republic of Korea,1,2000,0.353967827
Republic of Korea,1,2001,0.392099128
Republic of Korea,1,2002,0.425819533
Republic of Korea,1,2003,0.447257198
Republic of Korea,1,2004,0.424313165
Republic of Korea,1,2005,0.393521194
Republic of Korea,1,2006,0.378799448
Republic of Korea,1,2007,0.366778928
Republic of Korea,1,2008,0.363967208
Republic of Korea,1,2009,0.354557938
Republic of Korea,1,2010,0.343602547
Republic of Korea,1,2011,0.336087674
Republic of Korea,1,2012,0.325151456
Republic of Korea,1,2013,0.298924454
Republic of Korea,1,2014,0.270574321
Republic of Korea,1,2015,0.243781293
Republic of Korea,1,2016,0.233954617
Republic of Korea,1,2017,0.231083342
Republic of Korea,1,2018,0.22870262
Republic of Korea,1,2019,0.229975805
Republic of Korea,1,2020,0.234792566
Republic of Korea,1,2021,0.24377588
Slovenia,1,1985,0.694872718
Slovenia,1,1986,0.706036505
Slovenia,1,1987,0.698648556
Slovenia,1,1988,0.678637772
Slovenia,1,1989,0.650451979
Slovenia,1,1990,0.598819545
Slovenia,1,1991,0.540222067
Slovenia,1,1992,0.492822323
Slovenia,1,1993,0.455447006
Slovenia,1,1994,0.464971083
Slovenia,1,1995,0.484772526
Slovenia,1,1996,0.478520751
Slovenia,1,1997,0.475255196
Slovenia,1,1998,0.468621044
Slovenia,1,1999,0.46476762
Slovenia,1,2000,0.454804747
Slovenia,1,2001,0.410026972
Slovenia,1,2002,0.362037794
Slovenia,1,2003,0.316394356
Slovenia,1,2004,0.277997414
Slovenia,1,2005,0.26932107
Slovenia,1,2006,0.287225581
Slovenia,1,2007,0.31387561
Slovenia,1,2008,0.345593893
Slovenia,1,2009,0.374164697
Slovenia,1,2010,0.367746336
Slovenia,1,2011,0.35587642
Slovenia,1,2012,0.348859798
Slovenia,1,2013,0.340726168
Slovenia,1,2014,0.336214607
Slovenia,1,2015,0.327635295
Slovenia,1,2016,0.319170182
Slovenia,1,2017,0.313025534
Slovenia,1,2018,0.307324835
Slovenia,1,2019,0.300849418
Slovenia,1,2020,0.29407861
Spain,1,1980,0.251914484
Spain,1,1981,0.236698802
Spain,1,1982,0.225984261
Spain,1,1983,0.220497024
Spain,1,1984,0.219617747
Spain,1,1985,0.222068821
Spain,1,1986,0.232240204
Spain,1,1987,0.249262072
Spain,1,1988,0.263967147
Spain,1,1989,0.280677084
Spain,1,1990,0.294363428
Spain,1,1991,0.291392264
Spain,1,1992,0.280358022
Spain,1,1993,0.271410773
Spain,1,1994,0.261370962
Spain,1,1995,0.252193906
Spain,1,1996,0.254899182
Spain,1,1997,0.263079079
Spain,1,1998,0.268445036
Spain,1,1999,0.27173531
Spain,1,2000,0.273128736
Spain,1,2001,0.265953836
Spain,1,2002,0.254454112
Spain,1,2003,0.245874349
Spain,1,2004,0.24038707
Spain,1,2005,0.235235394
Spain,1,2006,0.233270006
Spain,1,2007,0.237807898
Spain,1,2008,0.246573096
Spain,1,2009,0.25402683
Spain,1,2010,0.260875892
Spain,1,2011,0.266674335
Spain,1,2012,0.268866296
Spain,1,2013,0.269512984
Spain,1,2014,0.268272118
Spain,1,2015,0.26319797
Spain,1,2016,0.257778629
Spain,1,2017,0.254388444
Spain,1,2018,0.250684469
Spain,1,2019,0.247399204
Spain,1,2020,0.244975788
Spain,1,2021,0.243039972
Switzerland,1,1980,1.026166651
Switzerland,1,1981,0.943155932
Switzerland,1,1982,0.869975994
Switzerland,1,1983,0.807168094
Switzerland,1,1984,0.753547081
Switzerland,1,1985,0.713108171
Switzerland,1,1986,0.684402747
Switzerland,1,1987,0.657424713
Switzerland,1,1988,0.627562441
Switzerland,1,1989,0.59992532
Switzerland,1,1990,0.581596635
Switzerland,1,1991,0.568855633
Switzerland,1,1992,0.55007168
Switzerland,1,1993,0.516788721
Switzerland,1,1994,0.481518406
Switzerland,1,1995,0.450569801
Switzerland,1,1996,0.420304413
Switzerland,1,1997,0.395621836
Switzerland,1,1998,0.378237973
Switzerland,1,1999,0.363595463
Switzerland,1,2000,0.350444797
Switzerland,1,2001,0.34016785
Switzerland,1,2002,0.332201405
Switzerland,1,2003,0.32581744
Switzerland,1,2004,0.320843164
Switzerland,1,2005,0.320060393
Switzerland,1,2006,0.321960788
Switzerland,1,2007,0.320378741
Switzerland,1,2008,0.308895172
Switzerland,1,2009,0.297860668
Switzerland,1,2010,0.294383205
Switzerland,1,2011,0.292525593
Switzerland,1,2012,0.291708987
Switzerland,1,2013,0.292974802
Switzerland,1,2015,0.295022071
Switzerland,1,2016,0.292511349
Switzerland,1,2017,0.288525297
Switzerland,1,2018,0.281331505
Switzerland,1,2019,0.271894062
Thailand,1,1981,0.06638846
Thailand,1,1982,0.06312018
Thailand,1,1983,0.060326434
Thailand,1,1984,0.058223055
Thailand,1,1986,0.055147334
Thailand,1,1987,0.053666158
Thailand,1,1990,0.051445795
Thailand,1,1991,0.051514518
Thailand,1,1992,0.051334874
Thailand,1,1994,0.038020756
Thailand,1,1995,0.035080692
Thailand,1,1996,0.040240544
Thailand,1,1997,0.049602436
Thailand,1,1998,0.061608222
Thailand,1,1999,0.077659287
Thailand,1,2000,0.107230913
Thailand,1,2002,0.172928274
Thailand,1,2003,0.185008592
Thailand,1,2004,0.190923712
Thailand,1,2005,0.185229996
Thailand,1,2006,0.172077957
Thailand,1,2007,0.158649337
Thailand,1,2008,0.1585837
Thailand,1,2009,0.163771274
Thailand,1,2010,0.180808603
Thailand,1,2011,0.19793343
Thailand,1,2012,0.206152528
Thailand,1,2013,0.211952451
Thailand,1,2014,0.212754799
Thailand,1,2015,0.213526327
Thailand,1,2016,0.217009605
Thailand,1,2017,0.220855467
Thailand,1,2018,0.226180731
Thailand,1,2019,0.232456281
The Netherlands,1,1980,0.352555254
The Netherlands,1,1981,0.366947444
The Netherlands,1,1982,0.377605297
The Netherlands,1,1983,0.384210894
The Netherlands,1,1984,0.387073287
The Netherlands,1,1985,0.386717952
The Netherlands,1,1986,0.381685831
The Netherlands,1,1987,0.372019291
The Netherlands,1,1988,0.360495946
The Netherlands,1,1989,0.343715437
The Netherlands,1,1990,0.326773263
The Netherlands,1,1991,0.314729208
The Netherlands,1,1992,0.303478648
The Netherlands,1,1993,0.294796373
The Netherlands,1,1994,0.29004174
The Netherlands,1,1995,0.287906381
The Netherlands,1,1996,0.286163498
The Netherlands,1,1997,0.287274154
The Netherlands,1,1998,0.290380492
The Netherlands,1,1999,0.288277335
The Netherlands,1,2000,0.277840786
The Netherlands,1,2001,0.265716805
The Netherlands,1,2002,0.250301464
The Netherlands,1,2003,0.230975941
The Netherlands,1,2004,0.216667503
The Netherlands,1,2005,0.210567123
The Netherlands,1,2006,0.208601981
The Netherlands,1,2007,0.208803645
The Netherlands,1,2008,0.213443485
The Netherlands,1,2009,0.221364174
The Netherlands,1,2010,0.225454234
The Netherlands,1,2011,0.222908997
The Netherlands,1,2012,0.219832311
The Netherlands,1,2013,0.217062181
The Netherlands,1,2014,0.212966014
The Netherlands,1,2015,0.210089202
The Netherlands,1,2016,0.209756826
The Netherlands,1,2017,0.209625611
The Netherlands,1,2018,0.208820467
The Netherlands,1,2019,0.208181805
The Netherlands,1,2020,0.207325735
The Netherlands,1,2021,0.205988184
The Netherlands,1,2022,0.204388141
Türkiye,1,2009,0.261750359
Türkiye,1,2010,0.248604071
Türkiye,1,2011,0.344851874
Türkiye,1,2012,0.267448908
Türkiye,1,2013,0.322426489
Türkiye,1,2014,0.308302564
Türkiye,1,2015,0.309754488
Türkiye,1,2016,0.320958931
Türkiye,1,2017,0.319164825
Türkiye,1,2018,0.279827226
Türkiye,1,2019,0.197108288
UK,1,1980,0.26830164
UK,1,1981,0.274327886
UK,1,1982,0.278715144
UK,1,1983,0.281467797
UK,1,1984,0.282630118
UK,1,1985,0.281908649
UK,1,1986,0.279283472
UK,1,1987,0.275225315
UK,1,1988,0.267550042
UK,1,1989,0.259602041
UK,1,1990,0.253941416
UK,1,1991,0.248074036
UK,1,1992,0.243182064
UK,1,1993,0.241027834
UK,1,1994,0.239510394
UK,1,1995,0.237071682
UK,1,1996,0.234634788
UK,1,1997,0.231308667
UK,1,1998,0.224815614
UK,1,1999,0.218482928
UK,1,2001,0.212737963
UK,1,2002,0.211602364
UK,1,2003,0.212002539
UK,1,2004,0.216321568
UK,1,2005,0.221283728
UK,1,2006,0.22315323
UK,1,2007,0.224298734
UK,1,2008,0.225672101
UK,1,2009,0.228859389
UK,1,2010,0.231577434
UK,1,2011,0.231626871
UK,1,2012,0.23083509
UK,1,2013,0.230390248
UK,1,2014,0.23142421
UK,1,2015,0.231550914
UK,1,2016,0.229399893
UK,1,2017,0.226234833
UK,1,2018,0.221918229
UK,1,2019,0.216383764
UK,1,2020,0.209699768
USA,1,1980,0.248436219
USA,1,1981,0.244752529
USA,1,1982,0.241872047
USA,1,1983,0.239932133
USA,1,1984,0.238719781
USA,1,1985,0.237933099
USA,1,1986,0.23837746
USA,1,1987,0.23996025
USA,1,1988,0.24103259
USA,1,1989,0.239913587
USA,1,1990,0.238715936
USA,1,1991,0.238535967
USA,1,1992,0.238379883
USA,1,1993,0.239154009
USA,1,1994,0.241235831
USA,1,1995,0.244175682
USA,1,1996,0.248696459
USA,1,1997,0.254391855
USA,1,1998,0.259233647
USA,1,1999,0.262982111
USA,1,2000,0.266274758
USA,1,2001,0.268500246
USA,1,2002,0.270195336
USA,1,2003,0.272369809
USA,1,2004,0.274686051
USA,1,2005,0.276751633
USA,1,2006,0.279494112
USA,1,2007,0.284234957
USA,1,2008,0.290097522
USA,1,2009,0.294712189
USA,1,2010,0.297172645
USA,1,2011,0.299124021
USA,1,2012,0.301365787
USA,1,2013,0.30325741
USA,1,2014,0.304096434
USA,1,2015,0.30389207
USA,1,2016,0.302654616
USA,1,2017,0.300218877
USA,1,2018,0.296782052
USA,1,2019,0.292186915
USA,1,2020,0.286345433
USA,1,2021,0.279340721
Argentina,2,1997,0.435882614
Argentina,2,1998,0.437759517
Argentina,2,1999,0.431261258
Argentina,2,2000,0.418592819
Argentina,2,2001,0.393723245
Argentina,2,2002,0.368951325
Argentina,2,2003,0.356314716
Argentina,2,2004,0.358335851
Argentina,2,2005,0.364140136
Argentina,2,2006,0.368471126
Argentina,2,2007,0.355872256
Argentina,2,2008,0.343345878
Argentina,2,2009,0.341561673
Argentina,2,2010,0.3602513
Argentina,2,2011,0.381518203
Argentina,2,2012,0.395199814
Argentina,2,2013,0.388507899
Argentina,2,2014,0.377456328
Argentina,2,2015,0.363546164
Argentina,2,2016,0.36647996
Argentina,2,2017,0.376467668
Argentina,2,2018,0.390689848
Argentina,2,2019,0.40257828
Argentina,2,2020,0.414082741
Argentina,2,2021,0.423653305
Australia,2,1980,0.450214748
Australia,2,1981,0.434574566
Australia,2,1982,0.41883084
Australia,2,1983,0.402919502
Australia,2,1984,0.386897911
Australia,2,1985,0.370893728
Australia,2,1986,0.352571588
Australia,2,1987,0.332561178
Australia,2,1988,0.315437741
Australia,2,1989,0.303343419
Australia,2,1990,0.293379899
Australia,2,1991,0.285623716
Australia,2,1992,0.279745311
Australia,2,1993,0.272150105
Australia,2,1994,0.260607406
Australia,2,1995,0.251072649
Australia,2,1996,0.244226752
Australia,2,1997,0.237515758
Australia,2,1998,0.234771972
Australia,2,1999,0.242374752
Australia,2,2000,0.251935573
Australia,2,2001,0.258407074
Australia,2,2002,0.266582172
Australia,2,2003,0.272901769
Australia,2,2004,0.276278524
Australia,2,2006,0.280782526
Australia,2,2007,0.283725007
Australia,2,2008,0.287985596
Australia,2,2009,0.29228318
Australia,2,2010,0.294770833
Australia,2,2011,0.294799128
Australia,2,2012,0.293013088
Australia,2,2013,0.289413275
Australia,2,2014,0.284029204
Australia,2,2015,0.276999055
Australia,2,2016,0.266490692
Australia,2,2017,0.255985977
Australia,2,2018,0.248055251
Australia,2,2019,0.240242009
Australia,2,2020,0.23311515
Australia,2,2021,0.227090772
Australia,2,2022,0.221916611
Austria,2,1980,1.109319737
Austria,2,1981,1.097550949
Austria,2,1982,1.077357175
Austria,2,1983,1.046743576
Austria,2,1984,1.008955229
Austria,2,1985,0.968432419
Austria,2,1986,0.911690125
Austria,2,1987,0.840868467
Austria,2,1988,0.783845437
Austria,2,1989,0.767886863
Austria,2,1990,0.759049385
Austria,2,1991,0.732546847
Austria,2,1992,0.706416656
Austria,2,1993,0.680958372
Austria,2,1994,0.650473527
Austria,2,1995,0.62357426
Austria,2,1996,0.614056549
Austria,2,1997,0.612603373
Austria,2,1998,0.6063107
Austria,2,1999,0.605006508
Austria,2,2000,0.600484313
Austria,2,2001,0.56815912
Austria,2,2002,0.522153821
Austria,2,2003,0.480574518
Austria,2,2004,0.44502286
Austria,2,2005,0.409463621
Austria,2,2006,0.380547593
Austria,2,2007,0.364408459
Austria,2,2008,0.356689057
Austria,2,2009,0.348303916
Austria,2,2010,0.337631794
Austria,2,2011,0.327212749
Austria,2,2012,0.315006694
Austria,2,2013,0.30249101
Austria,2,2014,0.292098376
Austria,2,2015,0.283148112
Austria,2,2016,0.276694471
Austria,2,2017,0.274220973
Austria,2,2018,0.274303003
Austria,2,2019,0.27761343
Austria,2,2020,0.284512932
Austria,2,2021,0.294632332
Bahrain,2,1997,1.340062303
Bahrain,2,2002,0.800961153
Bahrain,2,2003,2.208406854
Bahrain,2,2004,2.800326017
Bahrain,2,2005,1.227747084
Bahrain,2,2007,1.7418369
Bahrain,2,2008,0.683060109
Bahrain,2,2009,0.359518246
Bahrain,2,2010,2.053264678
Bahrain,2,2011,1.059731414
Bahrain,2,2013,0.207641196
Bahrain,2,2014,0.916800367
Canada,2,1980,0.440041549
Canada,2,1981,0.413120463
Canada,2,1982,0.388012938
Canada,2,1983,0.364178619
Canada,2,1984,0.342372625
Canada,2,1985,0.323730148
Canada,2,1986,0.305749991
Canada,2,1987,0.288709907
Canada,2,1988,0.277913503
Canada,2,1989,0.282527103
Canada,2,1990,0.290445571
Canada,2,1991,0.293729086
Canada,2,1992,0.299591969
Canada,2,1993,0.304161847
Canada,2,1994,0.310067275
Canada,2,1995,0.313553092
Canada,2,1996,0.306652994
Canada,2,1997,0.294854637
Canada,2,1998,0.284891026
Canada,2,1999,0.278943344
Canada,2,2000,0.273396525
Canada,2,2001,0.265017368
Canada,2,2002,0.255202066
Canada,2,2003,0.248933328
Canada,2,2004,0.250746941
Canada,2,2005,0.257019222
Canada,2,2006,0.260493674
Canada,2,2007,0.256907137
Canada,2,2008,0.250751022
Canada,2,2009,0.24790069
Canada,2,2010,0.250783322
Canada,2,2011,0.254904598
Canada,2,2012,0.259983706
Canada,2,2013,0.266652287
Canada,2,2014,0.271772127
Canada,2,2015,0.274628659
Canada,2,2016,0.276520043
Canada,2,2017,0.277495413
Canada,2,2018,0.277544775
Canada,2,2019,0.276460315
Canada,2,2020,0.274196566
Canada,2,2021,0.270892533
Chile,2,1997,0.539227443
Chile,2,1998,0.566571481
Chile,2,1999,0.583593766
Chile,2,2000,0.590365312
Chile,2,2001,0.582489111
Chile,2,2002,0.56677506
Chile,2,2003,0.545048064
Chile,2,2004,0.526754843
Chile,2,2005,0.512797647
Chile,2,2006,0.509101151
Chile,2,2007,0.530832278
Chile,2,2008,0.55307512
Chile,2,2009,0.552202509
Chile,2,2010,0.552605391
Chile,2,2011,0.549359741
Chile,2,2012,0.534166771
Chile,2,2013,0.536932413
Chile,2,2014,0.545337926
Chile,2,2015,0.549056246
Chile,2,2016,0.562826742
Chile,2,2017,0.577541088
Chile,2,2018,0.585553227
Chile,2,2019,0.572217125
Chile,2,2020,0.543914726
Chile,2,2021,0.498364619
Colombia,2,1997,0.695152213
Colombia,2,1998,0.691789817
Colombia,2,1999,0.697777446
Colombia,2,2000,0.713332024
Colombia,2,2001,0.746512762
Colombia,2,2002,0.785444733
Colombia,2,2003,0.829797451
Colombia,2,2004,0.846432183
Colombia,2,2005,0.849622423
Colombia,2,2006,0.823035468
Colombia,2,2007,0.801524041
Colombia,2,2008,0.779106144
Colombia,2,2009,0.762833768
Colombia,2,2010,0.753814703
Colombia,2,2011,0.755494566
Colombia,2,2012,0.790274104
Colombia,2,2013,0.807841603
Colombia,2,2014,0.822346405
Colombia,2,2015,0.813357148
Colombia,2,2016,0.813169911
Colombia,2,2017,0.821749164
Colombia,2,2018,0.855057147
Colombia,2,2019,0.89599394
Colombia,2,2020,0.946262458
Colombia,2,2021,1.002773694
Costa Rica,2,1997,0.537580581
Costa Rica,2,1998,0.518801244
Costa Rica,2,1999,0.543742609
Costa Rica,2,2000,0.595797084
Costa Rica,2,2001,0.714329598
Costa Rica,2,2002,0.745696457
Costa Rica,2,2003,0.625147781
Costa Rica,2,2004,0.530427757
Costa Rica,2,2005,0.499636447
Costa Rica,2,2006,0.432666103
Costa Rica,2,2007,0.403169903
Costa Rica,2,2008,0.387286235
Costa Rica,2,2009,0.338948739
Costa Rica,2,2010,0.329703415
Costa Rica,2,2011,0.363245599
Costa Rica,2,2012,0.437310755
Costa Rica,2,2013,0.527234547
Costa Rica,2,2014,0.581768848
Costa Rica,2,2015,0.648702638
Costa Rica,2,2016,0.636433452
Costa Rica,2,2017,0.535508575
Costa Rica,2,2018,0.51796883
Costa Rica,2,2019,0.545283706
Costa Rica,2,2020,0.628659723
Croatia,2,1985,0.614814315
Croatia,2,1986,0.59919451
Croatia,2,1987,0.58502881
Croatia,2,1988,0.572335068
Croatia,2,1989,0.560000763
Croatia,2,1990,0.551787822
Croatia,2,1991,0.542644676
Croatia,2,1992,0.514008863
Croatia,2,1993,0.485833333
Croatia,2,1994,0.471393672
Croatia,2,1995,0.464239793
Croatia,2,1996,0.484344859
Croatia,2,1997,0.494281322
Croatia,2,1998,0.501364714
Croatia,2,1999,0.494663565
Croatia,2,2000,0.48429087
Croatia,2,2001,0.45485776
Croatia,2,2002,0.422534665
Croatia,2,2003,0.407791757
Croatia,2,2004,0.398592815
Croatia,2,2005,0.410744312
Croatia,2,2006,0.404263895
Croatia,2,2007,0.395683904
Croatia,2,2008,0.378350899
Croatia,2,2009,0.367569312
Croatia,2,2010,0.38980311
Croatia,2,2011,0.413080717
Croatia,2,2012,0.429928645
Croatia,2,2013,0.441069266
Croatia,2,2014,0.442683731
Croatia,2,2015,0.42055502
Croatia,2,2016,0.388488877
Croatia,2,2017,0.349864034
Croatia,2,2019,0.244813795
Croatia,2,2020,0.182556291
Croatia,2,2021,0.112909606
Cyprus,2,2004,0.419615302
Cyprus,2,2005,0.418237815
Cyprus,2,2006,0.335796095
Cyprus,2,2007,0.189327908
Cyprus,2,2008,0.159108661
Cyprus,2,2009,0.286043329
Cyprus,2,2010,0.366545146
Cyprus,2,2011,0.301299404
Cyprus,2,2012,0.195407008
Cyprus,2,2013,0.152726169
Cyprus,2,2014,0.211980571
Cyprus,2,2015,0.487106458
Cyprus,2,2017,0.217319902
Cyprus,2,2018,0.232012649
Cyprus,2,2019,0.218043108
Cyprus,2,2020,0.223378961
Cyprus,2,2021,0.231494487
Czech Republic,2,1986,0.686030821
Czech Republic,2,1987,0.747008949
Czech Republic,2,1988,0.792459066
Czech Republic,2,1989,0.821426712
Czech Republic,2,1990,0.834477695
Czech Republic,2,1991,0.830001453
Czech Republic,2,1992,0.810577911
Czech Republic,2,1993,0.763605173
Czech Republic,2,1994,0.711441384
Czech Republic,2,1995,0.664419023
Czech Republic,2,1996,0.621763833
Czech Republic,2,1997,0.601534925
Czech Republic,2,1998,0.603254846
Czech Republic,2,1999,0.609775276
Czech Republic,2,2000,0.608624393
Czech Republic,2,2001,0.601102837
Czech Republic,2,2002,0.564328942
Czech Republic,2,2003,0.522018255
Czech Republic,2,2004,0.483940891
Czech Republic,2,2005,0.445845622
Czech Republic,2,2006,0.413325623
Czech Republic,2,2007,0.37769734
Czech Republic,2,2008,0.347008235
Czech Republic,2,2009,0.330396524
Czech Republic,2,2010,0.319337864
Czech Republic,2,2011,0.31442782
Czech Republic,2,2012,0.311950086
Czech Republic,2,2013,0.313782594
Czech Republic,2,2014,0.316234085
Czech Republic,2,2015,0.312688388
Czech Republic,2,2016,0.301381576
Czech Republic,2,2017,0.288186193
Czech Republic,2,2018,0.275762578
Czech Republic,2,2019,0.262329626
Czech Republic,2,2020,0.249290624
Czech Republic,2,2021,0.235833527
Denmark,2,1980,0.677183467
Denmark,2,1981,0.66438172
Denmark,2,1982,0.649467213
Denmark,2,1983,0.631998299
Denmark,2,1984,0.612544496
Denmark,2,1985,0.5920313
Denmark,2,1986,0.57037048
Denmark,2,1987,0.547689566
Denmark,2,1988,0.525237696
Denmark,2,1989,0.506409812
Denmark,2,1990,0.486668125
Denmark,2,1991,0.454633479
Denmark,2,1992,0.417706633
Denmark,2,1993,0.393407498
Denmark,2,1994,0.387518297
Denmark,2,1995,0.385969531
Denmark,2,1996,0.392291748
Denmark,2,1997,0.407339672
Denmark,2,1998,0.41484189
Denmark,2,1999,0.407153324
Denmark,2,2000,0.397795314
Denmark,2,2001,0.391310721
Denmark,2,2002,0.381664354
Denmark,2,2003,0.368467349
Denmark,2,2004,0.350693112
Denmark,2,2005,0.331832937
Denmark,2,2006,0.318274793
Denmark,2,2007,0.305627534
Denmark,2,2008,0.290588036
Denmark,2,2009,0.281176306
Denmark,2,2010,0.289969053
Denmark,2,2011,0.302587338
Denmark,2,2012,0.310467465
Denmark,2,2013,0.32039949
Denmark,2,2014,0.323000583
Denmark,2,2015,0.320019678
Denmark,2,2016,0.310250725
Denmark,2,2017,0.288987769
Denmark,2,2018,0.260233098
Denmark,2,2019,0.223233771
Denmark,2,2020,0.177529253
Denmark,2,2021,0.123491739
Ecuador,2,1997,0.751159504
Ecuador,2,1998,0.740468599
Ecuador,2,1999,0.756799532
Ecuador,2,2000,0.785811364
Ecuador,2,2001,0.834268087
Ecuador,2,2002,0.881650837
Ecuador,2,2003,0.875334401
Ecuador,2,2004,0.869619971
Ecuador,2,2005,0.872106759
Ecuador,2,2006,0.933703691
Ecuador,2,2007,0.973064013
Ecuador,2,2008,1.000417757
Ecuador,2,2009,0.988361985
Ecuador,2,2010,1.003245262
Ecuador,2,2011,1.020380821
Ecuador,2,2012,1.046994808
Ecuador,2,2013,1.084844136
Ecuador,2,2014,1.11937861
Ecuador,2,2015,1.136604725
Ecuador,2,2016,1.13220238
Ecuador,2,2017,1.10815463
Ecuador,2,2018,1.040781308
Ecuador,2,2019,1.00332496
Ecuador,2,2020,0.975477399
Ecuador,2,2021,0.970456824
Estonia,2,1994,0.636667422
Estonia,2,1995,0.581566656
Estonia,2,1996,0.560662755
Estonia,2,1997,0.577042072
Estonia,2,1998,0.618066324
Estonia,2,1999,0.716281431
Estonia,2,2000,0.712197506
Estonia,2,2001,0.61887317
Estonia,2,2002,0.556200617
Estonia,2,2003,0.537484715
Estonia,2,2004,0.50158305
Estonia,2,2005,0.440835941
Estonia,2,2006,0.464612186
Estonia,2,2007,0.524058084
Estonia,2,2008,0.532366601
Estonia,2,2009,0.482324983
Estonia,2,2010,0.45428708
Estonia,2,2011,0.448897156
Estonia,2,2012,0.402377406
Estonia,2,2013,0.467838308
Estonia,2,2014,0.512993742
Estonia,2,2015,0.537553125
Estonia,2,2016,0.551004806
France,2,1980,0.590850073
France,2,1981,0.588533782
France,2,1982,0.585358622
France,2,1983,0.581622372
France,2,1984,0.576853009
France,2,1985,0.568962528
France,2,1986,0.560044902
France,2,1987,0.555426814
France,2,1988,0.551856483
France,2,1989,0.545541785
France,2,1990,0.524152242
France,2,1991,0.498942803
France,2,1992,0.472839265
France,2,1993,0.449199973
France,2,1994,0.427329416
France,2,1995,0.410193026
France,2,1996,0.395008745
France,2,1997,0.385937039
France,2,1998,0.378254057
France,2,1999,0.367568975
France,2,2000,0.35632069
France,2,2001,0.341037131
France,2,2002,0.327614995
France,2,2003,0.314211956
France,2,2004,0.300999988
France,2,2005,0.288477368
France,2,2006,0.276378684
France,2,2007,0.265612904
France,2,2008,0.25744354
France,2,2009,0.251148827
France,2,2010,0.247272641
France,2,2011,0.24588384
France,2,2012,0.24455386
France,2,2013,0.241587831
France,2,2014,0.238541175
France,2,2017,0.227051605
France,2,2018,0.222555312
Germany,2,1990,0.666862522
Germany,2,1991,0.664985854
Germany,2,1992,0.659254666
Germany,2,1993,0.649560529
Germany,2,1994,0.63611072
Germany,2,1995,0.618722865
Germany,2,1996,0.595125
Germany,2,1997,0.56803815
Germany,2,1998,0.537948755
Germany,2,1999,0.507682264
Germany,2,2000,0.479845484
Germany,2,2001,0.452924266
Germany,2,2002,0.429111106
Germany,2,2003,0.40821299
Germany,2,2004,0.389764659
Germany,2,2005,0.372599818
Germany,2,2006,0.358528323
Germany,2,2007,0.346708069
Germany,2,2008,0.332572622
Germany,2,2009,0.319824103
Germany,2,2010,0.314948358
Germany,2,2011,0.311909964
Germany,2,2012,0.305774209
Germany,2,2013,0.299318398
Germany,2,2014,0.292886857
Germany,2,2015,0.286867261
Germany,2,2016,0.281763785
Germany,2,2017,0.276333042
Germany,2,2018,0.26995891
Germany,2,2019,0.263186408
Germany,2,2020,0.255833319
Iceland,2,1980,1.851053985
Iceland,2,1981,1.658762658
Iceland,2,1982,1.487961011
Iceland,2,1983,1.337977373
Iceland,2,1984,1.210080346
Iceland,2,1985,1.105530868
Iceland,2,1986,1.017383796
Iceland,2,1987,0.94101417
Iceland,2,1988,0.8811632
Iceland,2,1989,0.822131401
Iceland,2,1990,0.783978465
Iceland,2,1991,0.836631567
Iceland,2,1992,0.943274522
Iceland,2,1993,1.002172263
Iceland,2,1994,0.967398266
Iceland,2,1995,0.92499313
Iceland,2,1996,0.903764575
Iceland,2,1998,0.834104903
Iceland,2,1999,0.795857642
Iceland,2,2000,0.77403607
Iceland,2,2001,0.756723035
Iceland,2,2002,0.699316059
Iceland,2,2003,0.616827041
Iceland,2,2004,0.560383743
Iceland,2,2005,0.560081386
Iceland,2,2006,0.573660402
Iceland,2,2007,0.595511229
Iceland,2,2008,0.63563242
Iceland,2,2009,0.660031721
Iceland,2,2010,0.655981348
Iceland,2,2011,0.645695831
Iceland,2,2012,0.64153126
Iceland,2,2013,0.634992294
Iceland,2,2014,0.61322301
Iceland,2,2015,0.568531225
Iceland,2,2016,0.514288268
Iceland,2,2017,0.456581351
Iceland,2,2018,0.389241909
Iceland,2,2019,0.312625607
Iceland,2,2020,0.227433838
Iceland,2,2021,0.133737031
Ireland,2,1980,0.819322866
Ireland,2,1981,0.790029
Ireland,2,1982,0.761330694
Ireland,2,1983,0.731826421
Ireland,2,1984,0.703366092
Ireland,2,1985,0.677591248
Ireland,2,1986,0.653082654
Ireland,2,1987,0.629104223
Ireland,2,1988,0.594929235
Ireland,2,1989,0.564450561
Ireland,2,1990,0.56171102
Ireland,2,1991,0.574675557
Ireland,2,1992,0.585420666
Ireland,2,1993,0.597149233
Ireland,2,1994,0.601026673
Ireland,2,1995,0.580444393
Ireland,2,1996,0.549875184
Ireland,2,1997,0.51996142
Ireland,2,1998,0.478524571
Ireland,2,1999,0.436740472
Ireland,2,2000,0.41671592
Ireland,2,2001,0.405162298
Ireland,2,2002,0.394660411
Ireland,2,2003,0.382726059
Ireland,2,2004,0.371506383
Ireland,2,2005,0.357172565
Ireland,2,2006,0.342362139
Ireland,2,2007,0.336302449
Ireland,2,2008,0.343759213
Ireland,2,2009,0.354742429
Ireland,2,2011,0.392483924
Ireland,2,2012,0.409689093
Ireland,2,2013,0.410401514
Ireland,2,2015,0.367092879
Ireland,2,2016,0.334454895
Ireland,2,2017,0.295657866
Ireland,2,2018,0.249311729
Ireland,2,2019,0.195930781
Ireland,2,2020,0.135365723
Israel,2,1980,0.913786349
Israel,2,1981,0.863214592
Israel,2,1982,0.820429268
Israel,2,1983,0.787256715
Israel,2,1984,0.761948536
Israel,2,1985,0.741243305
Israel,2,1986,0.725708327
Israel,2,1987,0.715759143
Israel,2,1988,0.707906674
Israel,2,1989,0.704160157
Israel,2,1990,0.704313016
Israel,2,1991,0.70176615
Israel,2,1992,0.697449431
Israel,2,1993,0.695843534
Israel,2,1994,0.722121124
Israel,2,1995,0.745884918
Israel,2,1996,0.726490429
Israel,2,1997,0.691443302
Israel,2,1998,0.664094501
Israel,2,1999,0.645122299
Israel,2,2000,0.627577399
Israel,2,2001,0.620774905
Israel,2,2002,0.620768428
Israel,2,2003,0.619575333
Israel,2,2004,0.615145369
Israel,2,2005,0.611080051
Israel,2,2006,0.607874398
Israel,2,2007,0.606186885
Israel,2,2008,0.604926176
Israel,2,2009,0.601962568
Israel,2,2010,0.600805978
Israel,2,2011,0.598126743
Israel,2,2012,0.586557645
Israel,2,2013,0.570077243
Israel,2,2014,0.553315125
Israel,2,2015,0.53831787
Israel,2,2016,0.521748607
Israel,2,2017,0.502716481
Israel,2,2018,0.482274128
Israel,2,2019,0.459891197
Israel,2,2020,0.435096928
Israel,2,2021,0.408106609
Italy,2,1980,0.695944757
Italy,2,1981,0.701161981
Italy,2,1982,0.703693724
Italy,2,1983,0.703347108
Italy,2,1984,0.700701105
Italy,2,1985,0.696349688
Italy,2,1986,0.688406158
Italy,2,1987,0.67708738
Italy,2,1988,0.666142675
Italy,2,1989,0.662042942
Italy,2,1990,0.657410793
Italy,2,1991,0.645472945
Italy,2,1992,0.630726801
Italy,2,1993,0.613055299
Italy,2,1994,0.58682059
Italy,2,1995,0.559471778
Italy,2,1996,0.53860214
Italy,2,1997,0.518670331
Italy,2,1998,0.499487782
Italy,2,1999,0.47954376
Italy,2,2000,0.461094843
Italy,2,2001,0.446709852
Italy,2,2002,0.43441458
Italy,2,2003,0.422856874
Italy,2,2004,0.412785214
Italy,2,2005,0.403395371
Italy,2,2006,0.39445445
Italy,2,2007,0.386525835
Italy,2,2008,0.377122732
Italy,2,2009,0.363986545
Italy,2,2010,0.35040497
Italy,2,2011,0.337650336
Italy,2,2012,0.324489134
Italy,2,2013,0.312995246
Italy,2,2014,0.303724737
Italy,2,2015,0.295752702
Italy,2,2016,0.288976124
Italy,2,2017,0.283413479
Italy,2,2018,0.279099443
Italy,2,2019,0.27606872
Italy,2,2020,0.274306847
Japan,2,1980,0.605261731
Japan,2,1981,0.591912082
Japan,2,1982,0.579451686
Japan,2,1983,0.567851872
Japan,2,1984,0.557194628
Japan,2,1985,0.547567433
Japan,2,1986,0.53873409
Japan,2,1987,0.530803992
Japan,2,1988,0.524383009
Japan,2,1989,0.521624769
Japan,2,1990,0.51980481
Japan,2,1991,0.516774572
Japan,2,1992,0.514083828
Japan,2,1993,0.510568814
Japan,2,1994,0.505482627
Japan,2,1995,0.500059288
Japan,2,1996,0.494709887
Japan,2,1997,0.489017795
Japan,2,1998,0.48354905
Japan,2,1999,0.477798538
Japan,2,2000,0.47240628
Japan,2,2001,0.469507592
Japan,2,2002,0.467761011
Japan,2,2003,0.464235118
Japan,2,2004,0.45796807
Japan,2,2005,0.450522301
Japan,2,2006,0.442752809
Japan,2,2007,0.43355881
Japan,2,2008,0.423199357
Japan,2,2009,0.414569204
Japan,2,2010,0.409082268
Japan,2,2011,0.404151341
Japan,2,2012,0.399481263
Japan,2,2013,0.395889142
Japan,2,2014,0.391936432
Japan,2,2015,0.386618415
Japan,2,2016,0.381563566
Japan,2,2017,0.377483434
Japan,2,2018,0.373696033
Japan,2,2019,0.370622313
Japan,2,2020,0.36848328
Japan,2,2021,0.367044526
Kuwait,2,1993,0.097439618
Kuwait,2,1994,1.581140941
Kuwait,2,1995,2.424646633
Kuwait,2,1996,2.722030555
Kuwait,2,1997,2.319818383
Kuwait,2,1998,1.234375385
Kuwait,2,1999,1.147341056
Kuwait,2,2000,1.109745181
Kuwait,2,2001,1.34939847
Kuwait,2,2002,1.44736289
Kuwait,2,2007,1.060851521
Kuwait,2,2008,1.051349524
Kuwait,2,2009,1.000919056
Kuwait,2,2010,0.923821537
Kuwait,2,2011,0.742176151
Kuwait,2,2012,0.44361956
Kuwait,2,2013,0.373716911
Kuwait,2,2014,0.300464678
Kuwait,2,2015,0.232164262
Kuwait,2,2016,0.371696988
Kuwait,2,2017,0.478601364
Kuwait,2,2018,0.593072307
Kuwait,2,2019,0.704857854
Latvia,2,1996,0.788822489
Latvia,2,1997,0.892379176
Latvia,2,1998,0.935067409
Latvia,2,1999,0.930401148
Latvia,2,2000,0.853857792
Latvia,2,2001,0.745485341
Latvia,2,2002,0.650866454
Latvia,2,2003,0.591538945
Latvia,2,2004,0.550245558
Latvia,2,2005,0.512734057
Latvia,2,2006,0.515311424
Latvia,2,2007,0.537252059
Latvia,2,2008,0.56226889
Latvia,2,2009,0.606900261
Latvia,2,2010,0.638042918
Latvia,2,2011,0.612211113
Latvia,2,2012,0.578192692
Latvia,2,2013,0.551281424
Latvia,2,2014,0.527173485
Latvia,2,2015,0.544257778
Latvia,2,2016,0.530387607
Latvia,2,2017,0.507270978
Latvia,2,2018,0.476638799
Latvia,2,2019,0.461513987
Latvia,2,2020,0.455613708
Latvia,2,2021,0.463438476
Lithuania,2,1993,0.644731793
Lithuania,2,1994,0.673167026
Lithuania,2,1995,0.700168498
Lithuania,2,1996,0.720283127
Lithuania,2,1997,0.741655045
Lithuania,2,1998,0.754405003
Lithuania,2,1999,0.736434983
Lithuania,2,2000,0.702253569
Lithuania,2,2001,0.64477644
Lithuania,2,2002,0.582615554
Lithuania,2,2003,0.542753693
Lithuania,2,2004,0.510129891
Lithuania,2,2005,0.477743828
Lithuania,2,2006,0.448834123
Lithuania,2,2007,0.428286925
Lithuania,2,2008,0.43398299
Lithuania,2,2009,0.442489404
Lithuania,2,2010,0.433967136
Lithuania,2,2011,0.422310577
Lithuania,2,2012,0.40381499
Lithuania,2,2013,0.386116462
Lithuania,2,2014,0.368600961
Lithuania,2,2015,0.356137394
Lithuania,2,2016,0.375541094
Lithuania,2,2017,0.399194092
Lithuania,2,2018,0.405112554
Lithuania,2,2019,0.403429944
Lithuania,2,2020,0.392396053
Lithuania,2,2021,0.37337277
Lithuania,2,2022,0.345356592
Malta,2,1980,0.8727741
Malta,2,1981,0.959370669
Malta,2,1982,1.02232004
Malta,2,1983,1.060821834
Malta,2,1984,1.072111719
Malta,2,1985,1.05067656
Malta,2,1986,1.002015757
Malta,2,1987,0.915305072
Malta,2,1988,0.819725885
Malta,2,1989,0.702492128
Malta,2,1990,0.590453697
Malta,2,1991,0.505563107
Malta,2,1992,0.488565635
Malta,2,1993,0.493841478
Malta,2,1994,0.503986646
Malta,2,1995,0.522075459
Malta,2,1997,0.55525727
Malta,2,1998,0.576808898
Malta,2,1999,0.604199413
Malta,2,2000,0.636077256
Malta,2,2001,0.681680787
Malta,2,2002,0.711645223
Malta,2,2003,0.723064382
Malta,2,2004,0.69631935
Malta,2,2005,0.650670148
Malta,2,2006,0.551213037
Malta,2,2007,0.451235624
Malta,2,2008,0.361132282
Malta,2,2009,0.299104053
Malta,2,2010,0.356623521
Malta,2,2011,0.445437554
Malta,2,2012,0.533890173
Malta,2,2013,0.578111602
Malta,2,2014,0.61341795
Malta,2,2015,0.62406816
Malta,2,2016,0.617215276
New Zealand,2,1980,0.500603723
New Zealand,2,1981,0.440525956
New Zealand,2,1982,0.39889332
New Zealand,2,1983,0.375751744
New Zealand,2,1984,0.367986582
New Zealand,2,1985,0.378734818
New Zealand,2,1986,0.403190939
New Zealand,2,1987,0.457283972
New Zealand,2,1988,0.509550872
New Zealand,2,1989,0.518290102
New Zealand,2,1990,0.518831912
New Zealand,2,1991,0.510225955
New Zealand,2,1992,0.505058288
New Zealand,2,1993,0.493885071
New Zealand,2,1994,0.484555362
New Zealand,2,1995,0.47311542
New Zealand,2,1996,0.45208425
New Zealand,2,1997,0.42616195
New Zealand,2,1998,0.374948137
New Zealand,2,1999,0.326859308
New Zealand,2,2000,0.302439189
New Zealand,2,2001,0.318354448
New Zealand,2,2002,0.345583137
New Zealand,2,2003,0.383897219
New Zealand,2,2004,0.419162877
New Zealand,2,2005,0.422532912
New Zealand,2,2006,0.421405865
New Zealand,2,2007,0.413346579
New Zealand,2,2008,0.399017256
New Zealand,2,2009,0.381962198
New Zealand,2,2010,0.365134869
New Zealand,2,2011,0.348588945
New Zealand,2,2012,0.335724961
New Zealand,2,2013,0.322927136
New Zealand,2,2015,0.292275055
New Zealand,2,2016,0.275969781
Norway,2,1980,0.68393617
Norway,2,1981,0.64310352
Norway,2,1982,0.609555278
Norway,2,1983,0.583153528
Norway,2,1984,0.561641111
Norway,2,1985,0.552689196
Norway,2,1986,0.545979952
Norway,2,1987,0.521397572
Norway,2,1988,0.494076623
Norway,2,1989,0.468020196
Norway,2,1990,0.447911211
Norway,2,1991,0.432345665
Norway,2,1992,0.432010542
Norway,2,1993,0.43939362
Norway,2,1994,0.449170462
Norway,2,1995,0.453005706
Norway,2,1996,0.458264584
Norway,2,1997,0.475442165
Norway,2,1998,0.487868971
Norway,2,1999,0.477469236
Norway,2,2000,0.459889231
Norway,2,2001,0.423686433
Norway,2,2002,0.402000056
Norway,2,2003,0.382443317
Norway,2,2004,0.373887363
Norway,2,2005,0.36671937
Norway,2,2006,0.372743624
Norway,2,2007,0.378190322
Norway,2,2008,0.347469628
Norway,2,2009,0.312782408
Norway,2,2010,0.270636751
Norway,2,2011,0.266803708
Norway,2,2012,0.273581793
Norway,2,2013,0.286514077
Norway,2,2014,0.309102921
Norway,2,2015,0.34130356
Norway,2,2016,0.383144807
Philippines,2,1992,0.911587625
Philippines,2,1993,1.042961121
Philippines,2,1994,1.125867485
Philippines,2,1995,1.163067036
Philippines,2,1996,1.131559525
Philippines,2,1997,1.173434176
Philippines,2,1998,1.21468147
Philippines,2,1999,1.239805834
Philippines,2,2000,1.261473123
Philippines,2,2001,1.287831031
Philippines,2,2002,1.327784528
Philippines,2,2003,1.346639566
Philippines,2,2006,1.351255331
Philippines,2,2007,1.341349119
Philippines,2,2008,1.328201445
Philippines,2,2009,1.318065587
Philippines,2,2010,1.30879185
Philippines,2,2011,1.297834493
Philippines,2,2014,1.306347037
Philippines,2,2016,1.354156052
Philippines,2,2017,1.376678535
Philippines,2,2018,1.400856242
Philippines,2,2019,1.426177584
Poland,2,1999,0.589775424
Poland,2,2000,0.569379952
Poland,2,2001,0.541287934
Poland,2,2002,0.507317284
Poland,2,2003,0.460981799
Poland,2,2004,0.445986628
Poland,2,2005,0.446099754
Poland,2,2006,0.463839198
Poland,2,2007,0.459793819
Poland,2,2008,0.435172581
Poland,2,2009,0.405196072
Poland,2,2010,0.366295063
Poland,2,2011,0.362712572
Poland,2,2012,0.378711549
Poland,2,2013,0.389898254
Poland,2,2014,0.390626758
Poland,2,2015,0.389457833
Poland,2,2016,0.414171899
Poland,2,2017,0.424703844
Poland,2,2018,0.410642169
Poland,2,2019,0.393944465
Poland,2,2020,0.368688661
Poland,2,2021,0.336831124
Qatar,2,2001,2.837859463
Qatar,2,2004,0.36816592
Qatar,2,2007,0.763650248
Qatar,2,2009,0.224416517
Qatar,2,2010,0.491642085
Qatar,2,2011,1.074434074
Qatar,2,2012,1.367989056
Qatar,2,2013,0.150693189
Qatar,2,2019,0.544069641
Qatar,2,2020,0.732629243
Qatar,2,2022,1.081966891
Republic of Korea,2,1995,0.468032857
Republic of Korea,2,1996,0.470694217
Republic of Korea,2,1997,0.485543468
Republic of Korea,2,1998,0.510305877
Republic of Korea,2,1999,0.551298614
Republic of Korea,2,2000,0.59756578
Republic of Korea,2,2001,0.645812923
Republic of Korea,2,2002,0.671315539
Republic of Korea,2,2003,0.684163833
Republic of Korea,2,2004,0.686145002
Republic of Korea,2,2005,0.676642409
Republic of Korea,2,2006,0.650428968
Republic of Korea,2,2007,0.617396729
Republic of Korea,2,2008,0.579596366
Republic of Korea,2,2009,0.5499863
Republic of Korea,2,2010,0.523104262
Republic of Korea,2,2011,0.507181448
Republic of Korea,2,2012,0.49209685
Republic of Korea,2,2013,0.463438485
Republic of Korea,2,2014,0.433252219
Republic of Korea,2,2015,0.407348773
Republic of Korea,2,2016,0.386789713
Republic of Korea,2,2017,0.369011968
Republic of Korea,2,2018,0.353961207
Republic of Korea,2,2019,0.341914037
Republic of Korea,2,2020,0.332485253
Republic of Korea,2,2021,0.32489744
Slovenia,2,1985,0.956323865
Slovenia,2,1986,0.929417716
Slovenia,2,1987,0.901910689
Slovenia,2,1988,0.871862054
Slovenia,2,1989,0.840121278
Slovenia,2,1990,0.812170955
Slovenia,2,1991,0.782735514
Slovenia,2,1992,0.738425927
Slovenia,2,1993,0.690031045
Slovenia,2,1994,0.640600753
Slovenia,2,1995,0.591316453
Slovenia,2,1996,0.558659857
Slovenia,2,1997,0.525502844
Slovenia,2,1998,0.49548182
Slovenia,2,1999,0.45756884
Slovenia,2,2000,0.422493845
Slovenia,2,2001,0.416714961
Slovenia,2,2002,0.41486442
Slovenia,2,2003,0.403833651
Slovenia,2,2004,0.388173352
Slovenia,2,2005,0.349767927
Slovenia,2,2006,0.301375151
Slovenia,2,2007,0.257898341
Slovenia,2,2008,0.247427924
Slovenia,2,2009,0.2433481
Slovenia,2,2010,0.241708227
Slovenia,2,2011,0.244603637
Slovenia,2,2012,0.253077704
Slovenia,2,2013,0.264627864
Slovenia,2,2014,0.268818326
Slovenia,2,2015,0.275990387
Slovenia,2,2016,0.283112076
Slovenia,2,2017,0.289911094
Slovenia,2,2018,0.296702927
Slovenia,2,2019,0.302746554
Slovenia,2,2020,0.30809226
Spain,2,1980,0.372922676
Spain,2,1981,0.37562067
Spain,2,1982,0.378387879
Spain,2,1983,0.381144408
Spain,2,1984,0.384126185
Spain,2,1985,0.387555602
Spain,2,1986,0.392147503
Spain,2,1987,0.397398802
Spain,2,1988,0.401705003
Spain,2,1989,0.406687186
Spain,2,1990,0.410652866
Spain,2,1991,0.411783743
Spain,2,1992,0.412007272
Spain,2,1993,0.410367242
Spain,2,1994,0.404280741
Spain,2,1995,0.396381816
Spain,2,1996,0.390192334
Spain,2,1997,0.383766257
Spain,2,1998,0.375770957
Spain,2,1999,0.363545294
Spain,2,2000,0.350518961
Spain,2,2001,0.337364204
Spain,2,2002,0.323121507
Spain,2,2003,0.313146836
Spain,2,2004,0.310362517
Spain,2,2005,0.311212375
Spain,2,2006,0.311334622
Spain,2,2007,0.311177468
Spain,2,2008,0.312080048
Spain,2,2009,0.311016962
Spain,2,2010,0.307047612
Spain,2,2011,0.301852223
Spain,2,2012,0.294801231
Spain,2,2013,0.286242709
Spain,2,2014,0.278548949
Spain,2,2015,0.27192229
Spain,2,2016,0.265716265
Spain,2,2017,0.260189531
Spain,2,2018,0.25498576
Spain,2,2019,0.250281561
Spain,2,2020,0.246198389
Spain,2,2021,0.242656561
Switzerland,2,1980,1.075600925
Switzerland,2,1981,1.022759207
Switzerland,2,1982,0.97147296
Switzerland,2,1983,0.921151255
Switzerland,2,1984,0.873230859
Switzerland,2,1985,0.824419194
Switzerland,2,1986,0.775807786
Switzerland,2,1987,0.736102247
Switzerland,2,1988,0.71878856
Switzerland,2,1989,0.704823884
Switzerland,2,1990,0.677376255
Switzerland,2,1991,0.647602229
Switzerland,2,1992,0.617396946
Switzerland,2,1993,0.586994776
Switzerland,2,1994,0.556853051
Switzerland,2,1995,0.523957781
Switzerland,2,1996,0.490651379
Switzerland,2,1997,0.46719804
Switzerland,2,1998,0.459779052
Switzerland,2,1999,0.456108583
Switzerland,2,2000,0.454935386
Switzerland,2,2001,0.4581821
Switzerland,2,2002,0.453173062
Switzerland,2,2003,0.43567293
Switzerland,2,2004,0.412779851
Switzerland,2,2005,0.380595004
Switzerland,2,2006,0.342823663
Switzerland,2,2007,0.315196534
Switzerland,2,2008,0.306635705
Switzerland,2,2009,0.301703373
Switzerland,2,2010,0.293837373
Switzerland,2,2011,0.289002132
Switzerland,2,2012,0.2851784
Switzerland,2,2013,0.283057137
Switzerland,2,2015,0.276495738
Switzerland,2,2016,0.267348285
Switzerland,2,2017,0.25626217
Switzerland,2,2018,0.242508111
Switzerland,2,2019,0.226385856
Thailand,2,1981,0.056564275
Thailand,2,1982,0.057213048
Thailand,2,1983,0.057768985
Thailand,2,1984,0.058296453
Thailand,2,1986,0.059646249
Thailand,2,1987,0.061095169
Thailand,2,1990,0.067879897
Thailand,2,1991,0.070639314
Thailand,2,1992,0.072859178
Thailand,2,1994,0.064294787
Thailand,2,1995,0.063528044
Thailand,2,1996,0.063307729
Thailand,2,1997,0.067741104
Thailand,2,1998,0.089322067
Thailand,2,1999,0.117673763
Thailand,2,2000,0.155180865
Thailand,2,2002,0.234743265
Thailand,2,2003,0.251268009
Thailand,2,2004,0.262110473
Thailand,2,2005,0.261554554
Thailand,2,2006,0.260216181
Thailand,2,2007,0.259478266
Thailand,2,2008,0.275857285
Thailand,2,2009,0.293922373
Thailand,2,2010,0.303015251
Thailand,2,2011,0.309453449
Thailand,2,2012,0.310402405
Thailand,2,2013,0.311374314
Thailand,2,2014,0.317433336
Thailand,2,2015,0.325225986
Thailand,2,2016,0.334734651
Thailand,2,2017,0.346314586
Thailand,2,2018,0.360318379
Thailand,2,2019,0.376329954
The Netherlands,2,1980,0.567409643
The Netherlands,2,1981,0.546467401
The Netherlands,2,1982,0.528045751
The Netherlands,2,1983,0.512748603
The Netherlands,2,1984,0.500001275
The Netherlands,2,1985,0.488793586
The Netherlands,2,1986,0.481125516
The Netherlands,2,1987,0.47714492
The Netherlands,2,1988,0.473063431
The Netherlands,2,1989,0.471255821
The Netherlands,2,1990,0.468367889
The Netherlands,2,1991,0.456502966
The Netherlands,2,1992,0.439940145
The Netherlands,2,1993,0.424561243
The Netherlands,2,1994,0.411251235
The Netherlands,2,1995,0.397905813
The Netherlands,2,1996,0.385922859
The Netherlands,2,1997,0.376175117
The Netherlands,2,1998,0.367674127
The Netherlands,2,1999,0.359025974
The Netherlands,2,2000,0.346328053
The Netherlands,2,2001,0.334800309
The Netherlands,2,2002,0.32994077
The Netherlands,2,2003,0.327946091
The Netherlands,2,2004,0.327154123
The Netherlands,2,2005,0.330509937
The Netherlands,2,2006,0.33718073
The Netherlands,2,2007,0.339837544
The Netherlands,2,2008,0.336497382
The Netherlands,2,2009,0.330768888
The Netherlands,2,2010,0.323710561
The Netherlands,2,2011,0.312823342
The Netherlands,2,2012,0.30109449
The Netherlands,2,2013,0.29113147
The Netherlands,2,2014,0.280644293
The Netherlands,2,2015,0.271574754
The Netherlands,2,2016,0.263983541
The Netherlands,2,2017,0.257542304
The Netherlands,2,2018,0.252622513
The Netherlands,2,2019,0.248794418
The Netherlands,2,2020,0.246214433
The Netherlands,2,2021,0.245025519
The Netherlands,2,2022,0.245160469
Türkiye,2,2009,0.298128946
Türkiye,2,2010,0.42903778
Türkiye,2,2011,0.385512828
Türkiye,2,2012,0.339060219
Türkiye,2,2013,0.42588918
Türkiye,2,2014,0.348119386
Türkiye,2,2015,0.38374943
Türkiye,2,2016,0.313156869
Türkiye,2,2017,0.365181184
Türkiye,2,2018,0.276319656
Türkiye,2,2019,0.241947799
UK,2,1980,0.473819644
UK,2,1981,0.456695799
UK,2,1982,0.441369966
UK,2,1983,0.428012552
UK,2,1984,0.416318844
UK,2,1985,0.406536579
UK,2,1986,0.398679237
UK,2,1987,0.391903555
UK,2,1988,0.390799615
UK,2,1989,0.388939556
UK,2,1990,0.379016918
UK,2,1991,0.366403897
UK,2,1992,0.352748289
UK,2,1993,0.333935857
UK,2,1994,0.315546545
UK,2,1995,0.302230945
UK,2,1996,0.289545443
UK,2,1997,0.280037794
UK,2,1998,0.277544454
UK,2,1999,0.27784231
UK,2,2001,0.280557229
UK,2,2002,0.282675337
UK,2,2003,0.28218396
UK,2,2004,0.27916576
UK,2,2005,0.275601141
UK,2,2006,0.269900845
UK,2,2007,0.262426279
UK,2,2008,0.256612627
UK,2,2009,0.251413591
UK,2,2010,0.247708078
UK,2,2011,0.250145784
UK,2,2012,0.255833682
UK,2,2013,0.259780675
UK,2,2014,0.261384147
UK,2,2015,0.262096166
UK,2,2016,0.261395287
UK,2,2017,0.259794112
UK,2,2018,0.256934644
UK,2,2019,0.25264491
UK,2,2020,0.247130809
USA,2,1980,0.314447929
USA,2,1981,0.307859852
USA,2,1982,0.301617498
USA,2,1983,0.295497805
USA,2,1984,0.289706286
USA,2,1985,0.284642709
USA,2,1986,0.280106818
USA,2,1987,0.276088283
USA,2,1988,0.273271769
USA,2,1989,0.27292918
USA,2,1990,0.273026749
USA,2,1991,0.272715117
USA,2,1992,0.273191595
USA,2,1993,0.273252345
USA,2,1994,0.271128819
USA,2,1995,0.269075888
USA,2,1996,0.268918916
USA,2,1997,0.269299763
USA,2,1998,0.270274457
USA,2,1999,0.273054651
USA,2,2000,0.276219135
USA,2,2001,0.277865662
USA,2,2002,0.279184876
USA,2,2003,0.280922846
USA,2,2004,0.283911432
USA,2,2005,0.287509827
USA,2,2006,0.2902551
USA,2,2007,0.29203438
USA,2,2008,0.29338959
USA,2,2009,0.293839987
USA,2,2010,0.292157169
USA,2,2011,0.290011382
USA,2,2012,0.288674758
USA,2,2013,0.287037905
USA,2,2014,0.285395761
USA,2,2015,0.284039707
USA,2,2016,0.282554805
USA,2,2017,0.280759836
USA,2,2018,0.278862158
USA,2,2019,0.276680099
USA,2,2020,0.274126648
USA,2,2021,0.271305513
